#
# TABLE STRUCTURE FOR: communities
#
INSERT INTO `communities` (`id`, `name`) VALUES ('12', 'a');
INSERT INTO `communities` (`id`, `name`) VALUES ('36', 'a');
INSERT INTO `communities` (`id`, `name`) VALUES ('24', 'accusamus');
INSERT INTO `communities` (`id`, `name`) VALUES ('57', 'accusamus');
INSERT INTO `communities` (`id`, `name`) VALUES ('18', 'aliquid');
INSERT INTO `communities` (`id`, `name`) VALUES ('94', 'animi');
INSERT INTO `communities` (`id`, `name`) VALUES ('1', 'aspernatur');
INSERT INTO `communities` (`id`, `name`) VALUES ('29', 'at');
INSERT INTO `communities` (`id`, `name`) VALUES ('58', 'at');
INSERT INTO `communities` (`id`, `name`) VALUES ('42', 'aut');
INSERT INTO `communities` (`id`, `name`) VALUES ('72', 'aut');
INSERT INTO `communities` (`id`, `name`) VALUES ('76', 'aut');
INSERT INTO `communities` (`id`, `name`) VALUES ('99', 'aut');
INSERT INTO `communities` (`id`, `name`) VALUES ('83', 'consectetur');
INSERT INTO `communities` (`id`, `name`) VALUES ('4', 'consequatur');
INSERT INTO `communities` (`id`, `name`) VALUES ('65', 'consequatur');
INSERT INTO `communities` (`id`, `name`) VALUES ('90', 'consequatur');
INSERT INTO `communities` (`id`, `name`) VALUES ('8', 'culpa');
INSERT INTO `communities` (`id`, `name`) VALUES ('41', 'delectus');
INSERT INTO `communities` (`id`, `name`) VALUES ('62', 'delectus');
INSERT INTO `communities` (`id`, `name`) VALUES ('48', 'deserunt');
INSERT INTO `communities` (`id`, `name`) VALUES ('85', 'dicta');
INSERT INTO `communities` (`id`, `name`) VALUES ('55', 'dolor');
INSERT INTO `communities` (`id`, `name`) VALUES ('7', 'dolore');
INSERT INTO `communities` (`id`, `name`) VALUES ('80', 'dolorum');
INSERT INTO `communities` (`id`, `name`) VALUES ('66', 'eaque');
INSERT INTO `communities` (`id`, `name`) VALUES ('97', 'enim');
INSERT INTO `communities` (`id`, `name`) VALUES ('74', 'esse');
INSERT INTO `communities` (`id`, `name`) VALUES ('44', 'est');
INSERT INTO `communities` (`id`, `name`) VALUES ('63', 'est');
INSERT INTO `communities` (`id`, `name`) VALUES ('3', 'et');
INSERT INTO `communities` (`id`, `name`) VALUES ('23', 'et');
INSERT INTO `communities` (`id`, `name`) VALUES ('31', 'et');
INSERT INTO `communities` (`id`, `name`) VALUES ('50', 'et');
INSERT INTO `communities` (`id`, `name`) VALUES ('71', 'et');
INSERT INTO `communities` (`id`, `name`) VALUES ('78', 'et');
INSERT INTO `communities` (`id`, `name`) VALUES ('30', 'eum');
INSERT INTO `communities` (`id`, `name`) VALUES ('40', 'exercitationem');
INSERT INTO `communities` (`id`, `name`) VALUES ('17', 'expedita');
INSERT INTO `communities` (`id`, `name`) VALUES ('21', 'facilis');
INSERT INTO `communities` (`id`, `name`) VALUES ('75', 'id');
INSERT INTO `communities` (`id`, `name`) VALUES ('64', 'in');
INSERT INTO `communities` (`id`, `name`) VALUES ('81', 'in');
INSERT INTO `communities` (`id`, `name`) VALUES ('22', 'inventore');
INSERT INTO `communities` (`id`, `name`) VALUES ('46', 'ipsa');
INSERT INTO `communities` (`id`, `name`) VALUES ('20', 'ipsum');
INSERT INTO `communities` (`id`, `name`) VALUES ('69', 'itaque');
INSERT INTO `communities` (`id`, `name`) VALUES ('73', 'iure');
INSERT INTO `communities` (`id`, `name`) VALUES ('6', 'maiores');
INSERT INTO `communities` (`id`, `name`) VALUES ('35', 'maiores');
INSERT INTO `communities` (`id`, `name`) VALUES ('68', 'minima');
INSERT INTO `communities` (`id`, `name`) VALUES ('89', 'minima');
INSERT INTO `communities` (`id`, `name`) VALUES ('39', 'molestiae');
INSERT INTO `communities` (`id`, `name`) VALUES ('70', 'molestiae');
INSERT INTO `communities` (`id`, `name`) VALUES ('14', 'nam');
INSERT INTO `communities` (`id`, `name`) VALUES ('34', 'natus');
INSERT INTO `communities` (`id`, `name`) VALUES ('52', 'nesciunt');
INSERT INTO `communities` (`id`, `name`) VALUES ('54', 'nesciunt');
INSERT INTO `communities` (`id`, `name`) VALUES ('61', 'nihil');
INSERT INTO `communities` (`id`, `name`) VALUES ('77', 'nobis');
INSERT INTO `communities` (`id`, `name`) VALUES ('13', 'non');
INSERT INTO `communities` (`id`, `name`) VALUES ('33', 'occaecati');
INSERT INTO `communities` (`id`, `name`) VALUES ('56', 'odit');
INSERT INTO `communities` (`id`, `name`) VALUES ('28', 'perspiciatis');
INSERT INTO `communities` (`id`, `name`) VALUES ('88', 'possimus');
INSERT INTO `communities` (`id`, `name`) VALUES ('2', 'quae');
INSERT INTO `communities` (`id`, `name`) VALUES ('67', 'quaerat');
INSERT INTO `communities` (`id`, `name`) VALUES ('84', 'qui');
INSERT INTO `communities` (`id`, `name`) VALUES ('98', 'qui');
INSERT INTO `communities` (`id`, `name`) VALUES ('27', 'quia');
INSERT INTO `communities` (`id`, `name`) VALUES ('32', 'quia');
INSERT INTO `communities` (`id`, `name`) VALUES ('38', 'quia');
INSERT INTO `communities` (`id`, `name`) VALUES ('96', 'quia');
INSERT INTO `communities` (`id`, `name`) VALUES ('82', 'quidem');
INSERT INTO `communities` (`id`, `name`) VALUES ('16', 'quis');
INSERT INTO `communities` (`id`, `name`) VALUES ('37', 'quis');
INSERT INTO `communities` (`id`, `name`) VALUES ('47', 'quis');
INSERT INTO `communities` (`id`, `name`) VALUES ('95', 'quis');
INSERT INTO `communities` (`id`, `name`) VALUES ('43', 'quos');
INSERT INTO `communities` (`id`, `name`) VALUES ('5', 'ratione');
INSERT INTO `communities` (`id`, `name`) VALUES ('45', 'recusandae');
INSERT INTO `communities` (`id`, `name`) VALUES ('11', 'reprehenderit');
INSERT INTO `communities` (`id`, `name`) VALUES ('49', 'reprehenderit');
INSERT INTO `communities` (`id`, `name`) VALUES ('60', 'reprehenderit');
INSERT INTO `communities` (`id`, `name`) VALUES ('59', 'repudiandae');
INSERT INTO `communities` (`id`, `name`) VALUES ('93', 'repudiandae');
INSERT INTO `communities` (`id`, `name`) VALUES ('10', 'sit');
INSERT INTO `communities` (`id`, `name`) VALUES ('26', 'sit');
INSERT INTO `communities` (`id`, `name`) VALUES ('53', 'sit');
INSERT INTO `communities` (`id`, `name`) VALUES ('92', 'tempora');
INSERT INTO `communities` (`id`, `name`) VALUES ('9', 'tempore');
INSERT INTO `communities` (`id`, `name`) VALUES ('79', 'tempore');
INSERT INTO `communities` (`id`, `name`) VALUES ('19', 'ut');
INSERT INTO `communities` (`id`, `name`) VALUES ('25', 'ut');
INSERT INTO `communities` (`id`, `name`) VALUES ('87', 'veritatis');
INSERT INTO `communities` (`id`, `name`) VALUES ('100', 'veritatis');
INSERT INTO `communities` (`id`, `name`) VALUES ('86', 'vitae');
INSERT INTO `communities` (`id`, `name`) VALUES ('15', 'voluptatem');
INSERT INTO `communities` (`id`, `name`) VALUES ('91', 'voluptatem');
INSERT INTO `communities` (`id`, `name`) VALUES ('51', 'voluptatum');

#
# TABLE STRUCTURE FOR: users
#

INSERT INTO `users` (`id`, `firstname`, `lastname`, `email`, `phone`) VALUES ('1', 'Gonzalo', 'Spencer', 'rkeebler@example.com', '994');
INSERT INTO `users` (`id`, `firstname`, `lastname`, `email`, `phone`) VALUES ('2', 'Saul', 'Moen', 'welch.jerrell@example.net', '7883443989');
INSERT INTO `users` (`id`, `firstname`, `lastname`, `email`, `phone`) VALUES ('3', 'Abel', 'Luettgen', 'matteo29@example.com', '119');
INSERT INTO `users` (`id`, `firstname`, `lastname`, `email`, `phone`) VALUES ('4', 'April', 'Schaefer', 'scarlett83@example.org', '0');
INSERT INTO `users` (`id`, `firstname`, `lastname`, `email`, `phone`) VALUES ('5', 'Kaitlyn', 'Nicolas', 'thurman.abshire@example.com', '3977');
INSERT INTO `users` (`id`, `firstname`, `lastname`, `email`, `phone`) VALUES ('6', 'Idella', 'Cassin', 'deshawn.lockman@example.com', '455466');
INSERT INTO `users` (`id`, `firstname`, `lastname`, `email`, `phone`) VALUES ('7', 'Nigel', 'Little', 'wmueller@example.org', '71');
INSERT INTO `users` (`id`, `firstname`, `lastname`, `email`, `phone`) VALUES ('8', 'Zoe', 'Klocko', 'akeem.weissnat@example.com', '895835');
INSERT INTO `users` (`id`, `firstname`, `lastname`, `email`, `phone`) VALUES ('9', 'Augusta', 'Lehner', 'ivory.quigley@example.org', '815');
INSERT INTO `users` (`id`, `firstname`, `lastname`, `email`, `phone`) VALUES ('10', 'Brain', 'DuBuque', 'mohamed.nitzsche@example.net', '0');
INSERT INTO `users` (`id`, `firstname`, `lastname`, `email`, `phone`) VALUES ('11', 'Adriana', 'Streich', 'brown.kellie@example.org', '1');
INSERT INTO `users` (`id`, `firstname`, `lastname`, `email`, `phone`) VALUES ('12', 'Izaiah', 'D\'Amore', 'waylon65@example.org', '1');
INSERT INTO `users` (`id`, `firstname`, `lastname`, `email`, `phone`) VALUES ('13', 'Mara', 'West', 'ruecker.darrick@example.com', '0');
INSERT INTO `users` (`id`, `firstname`, `lastname`, `email`, `phone`) VALUES ('14', 'Giovanna', 'Pfannerstill', 'arlene81@example.net', '0');
INSERT INTO `users` (`id`, `firstname`, `lastname`, `email`, `phone`) VALUES ('15', 'Elta', 'Grady', 'uhuel@example.org', '3696894345');
INSERT INTO `users` (`id`, `firstname`, `lastname`, `email`, `phone`) VALUES ('16', 'Magdalen', 'Littel', 'lowe.amy@example.com', '9435798972');
INSERT INTO `users` (`id`, `firstname`, `lastname`, `email`, `phone`) VALUES ('17', 'Delaney', 'Walter', 'rhett46@example.com', '1');
INSERT INTO `users` (`id`, `firstname`, `lastname`, `email`, `phone`) VALUES ('18', 'Elliott', 'Ruecker', 'bogisich.tomas@example.org', '1');
INSERT INTO `users` (`id`, `firstname`, `lastname`, `email`, `phone`) VALUES ('19', 'Alessia', 'Heidenreich', 'vstroman@example.org', '889533');
INSERT INTO `users` (`id`, `firstname`, `lastname`, `email`, `phone`) VALUES ('20', 'Chance', 'Runte', 'ybechtelar@example.net', '822980');
INSERT INTO `users` (`id`, `firstname`, `lastname`, `email`, `phone`) VALUES ('21', 'Joelle', 'Klein', 'walter.mayra@example.com', '1');
INSERT INTO `users` (`id`, `firstname`, `lastname`, `email`, `phone`) VALUES ('22', 'Christiana', 'Klocko', 'briana63@example.org', '4');
INSERT INTO `users` (`id`, `firstname`, `lastname`, `email`, `phone`) VALUES ('23', 'Juliet', 'Stokes', 'pink60@example.com', '0');
INSERT INTO `users` (`id`, `firstname`, `lastname`, `email`, `phone`) VALUES ('24', 'Pearlie', 'Weimann', 'frenner@example.net', '131562');
INSERT INTO `users` (`id`, `firstname`, `lastname`, `email`, `phone`) VALUES ('25', 'Jacklyn', 'Grimes', 'torrance69@example.net', '0');
INSERT INTO `users` (`id`, `firstname`, `lastname`, `email`, `phone`) VALUES ('26', 'Alfreda', 'Bayer', 'tcrist@example.net', '626859');
INSERT INTO `users` (`id`, `firstname`, `lastname`, `email`, `phone`) VALUES ('27', 'Drew', 'Roob', 'trinity.kilback@example.net', '0');
INSERT INTO `users` (`id`, `firstname`, `lastname`, `email`, `phone`) VALUES ('28', 'Christop', 'Hauck', 'crawford04@example.net', '3997505833');
INSERT INTO `users` (`id`, `firstname`, `lastname`, `email`, `phone`) VALUES ('29', 'Elza', 'Bernier', 'milford.bahringer@example.org', '269044');
INSERT INTO `users` (`id`, `firstname`, `lastname`, `email`, `phone`) VALUES ('30', 'Columbus', 'Medhurst', 'russel.stan@example.net', '7807815265');
INSERT INTO `users` (`id`, `firstname`, `lastname`, `email`, `phone`) VALUES ('31', 'Kraig', 'Turcotte', 'dschmeler@example.org', '0');
INSERT INTO `users` (`id`, `firstname`, `lastname`, `email`, `phone`) VALUES ('32', 'Rodger', 'Greenholt', 'devan.upton@example.com', '1');
INSERT INTO `users` (`id`, `firstname`, `lastname`, `email`, `phone`) VALUES ('33', 'Elsie', 'Reynolds', 'marielle52@example.net', '318367');
INSERT INTO `users` (`id`, `firstname`, `lastname`, `email`, `phone`) VALUES ('34', 'Kris', 'Heller', 'hirthe.velda@example.net', '0');
INSERT INTO `users` (`id`, `firstname`, `lastname`, `email`, `phone`) VALUES ('35', 'Gisselle', 'Murray', 'annalise.dubuque@example.org', '301080');
INSERT INTO `users` (`id`, `firstname`, `lastname`, `email`, `phone`) VALUES ('36', 'Aida', 'Keeling', 'bobbie06@example.com', '271');
INSERT INTO `users` (`id`, `firstname`, `lastname`, `email`, `phone`) VALUES ('37', 'Frieda', 'Herzog', 'hessel.alice@example.net', '1');
INSERT INTO `users` (`id`, `firstname`, `lastname`, `email`, `phone`) VALUES ('38', 'Spencer', 'Lakin', 'jweissnat@example.net', '4840078929');
INSERT INTO `users` (`id`, `firstname`, `lastname`, `email`, `phone`) VALUES ('39', 'Johnathon', 'Braun', 'vivianne.little@example.org', '909586');
INSERT INTO `users` (`id`, `firstname`, `lastname`, `email`, `phone`) VALUES ('40', 'Kianna', 'Mertz', 'dessie.hickle@example.com', '0');
INSERT INTO `users` (`id`, `firstname`, `lastname`, `email`, `phone`) VALUES ('41', 'Julian', 'Jerde', 'mervin32@example.com', '844');
INSERT INTO `users` (`id`, `firstname`, `lastname`, `email`, `phone`) VALUES ('42', 'Angel', 'Gusikowski', 'jonas.gutmann@example.net', '362');
INSERT INTO `users` (`id`, `firstname`, `lastname`, `email`, `phone`) VALUES ('43', 'Estell', 'Kutch', 'uharber@example.com', '0');
INSERT INTO `users` (`id`, `firstname`, `lastname`, `email`, `phone`) VALUES ('44', 'Abigayle', 'Dach', 'nathen16@example.org', '257');
INSERT INTO `users` (`id`, `firstname`, `lastname`, `email`, `phone`) VALUES ('45', 'Velva', 'Von', 'antonette.botsford@example.com', '0');
INSERT INTO `users` (`id`, `firstname`, `lastname`, `email`, `phone`) VALUES ('46', 'Grace', 'Torphy', 'felton.feeney@example.com', '84');
INSERT INTO `users` (`id`, `firstname`, `lastname`, `email`, `phone`) VALUES ('47', 'Columbus', 'Hayes', 'winston.witting@example.org', '0');
INSERT INTO `users` (`id`, `firstname`, `lastname`, `email`, `phone`) VALUES ('48', 'Domingo', 'Gottlieb', 'eunice55@example.org', '416');
INSERT INTO `users` (`id`, `firstname`, `lastname`, `email`, `phone`) VALUES ('49', 'Gabrielle', 'Hahn', 'roberta36@example.com', '82');
INSERT INTO `users` (`id`, `firstname`, `lastname`, `email`, `phone`) VALUES ('50', 'Reva', 'Berge', 'mitchell.justina@example.com', '1');
INSERT INTO `users` (`id`, `firstname`, `lastname`, `email`, `phone`) VALUES ('51', 'Krista', 'Feil', 'atowne@example.com', '0');
INSERT INTO `users` (`id`, `firstname`, `lastname`, `email`, `phone`) VALUES ('52', 'Jo', 'DuBuque', 'qmetz@example.net', '1');
INSERT INTO `users` (`id`, `firstname`, `lastname`, `email`, `phone`) VALUES ('53', 'Kamryn', 'Haley', 'isaiah.cormier@example.net', '1');
INSERT INTO `users` (`id`, `firstname`, `lastname`, `email`, `phone`) VALUES ('54', 'Kendra', 'Bernier', 'cummings.clemens@example.org', '0');
INSERT INTO `users` (`id`, `firstname`, `lastname`, `email`, `phone`) VALUES ('55', 'Elza', 'Swaniawski', 'terry.koch@example.com', '2708209167');
INSERT INTO `users` (`id`, `firstname`, `lastname`, `email`, `phone`) VALUES ('56', 'Orville', 'Torp', 'quigley.gabriella@example.com', '422593');
INSERT INTO `users` (`id`, `firstname`, `lastname`, `email`, `phone`) VALUES ('57', 'Gaylord', 'Zulauf', 'kemmer.eula@example.com', '636');
INSERT INTO `users` (`id`, `firstname`, `lastname`, `email`, `phone`) VALUES ('58', 'Asa', 'Bergnaum', 'pattie.goodwin@example.org', '624931');
INSERT INTO `users` (`id`, `firstname`, `lastname`, `email`, `phone`) VALUES ('59', 'Jaqueline', 'Fisher', 'tgrady@example.org', '1');
INSERT INTO `users` (`id`, `firstname`, `lastname`, `email`, `phone`) VALUES ('60', 'Van', 'Stracke', 'mshanahan@example.org', '1');
INSERT INTO `users` (`id`, `firstname`, `lastname`, `email`, `phone`) VALUES ('61', 'Sharon', 'Lueilwitz', 'eliza60@example.com', '10');
INSERT INTO `users` (`id`, `firstname`, `lastname`, `email`, `phone`) VALUES ('62', 'Caleb', 'Mosciski', 'lempi60@example.com', '935893');
INSERT INTO `users` (`id`, `firstname`, `lastname`, `email`, `phone`) VALUES ('63', 'Kennedi', 'Koss', 'chelsea33@example.org', '1');
INSERT INTO `users` (`id`, `firstname`, `lastname`, `email`, `phone`) VALUES ('64', 'Gudrun', 'Parisian', 'fheaney@example.com', '0');
INSERT INTO `users` (`id`, `firstname`, `lastname`, `email`, `phone`) VALUES ('65', 'Robbie', 'Kohler', 'lockman.delilah@example.com', '250');
INSERT INTO `users` (`id`, `firstname`, `lastname`, `email`, `phone`) VALUES ('66', 'Tito', 'Nicolas', 'isaias.hauck@example.com', '1');
INSERT INTO `users` (`id`, `firstname`, `lastname`, `email`, `phone`) VALUES ('67', 'Kiana', 'Adams', 'xschneider@example.net', '570');
INSERT INTO `users` (`id`, `firstname`, `lastname`, `email`, `phone`) VALUES ('68', 'Madison', 'Feeney', 'julien.aufderhar@example.com', '0');
INSERT INTO `users` (`id`, `firstname`, `lastname`, `email`, `phone`) VALUES ('69', 'Leta', 'Cruickshank', 'russel.evan@example.org', '612711');
INSERT INTO `users` (`id`, `firstname`, `lastname`, `email`, `phone`) VALUES ('70', 'Weldon', 'Witting', 'jamil58@example.org', '0');
INSERT INTO `users` (`id`, `firstname`, `lastname`, `email`, `phone`) VALUES ('71', 'Anne', 'Funk', 'ricardo.abbott@example.com', '1');
INSERT INTO `users` (`id`, `firstname`, `lastname`, `email`, `phone`) VALUES ('72', 'Ezequiel', 'Jakubowski', 'cecile43@example.net', '377787');
INSERT INTO `users` (`id`, `firstname`, `lastname`, `email`, `phone`) VALUES ('73', 'Kitty', 'Kuhn', 'doyle.joan@example.org', '1');
INSERT INTO `users` (`id`, `firstname`, `lastname`, `email`, `phone`) VALUES ('74', 'Westley', 'Terry', 'ko\'connell@example.org', '121');
INSERT INTO `users` (`id`, `firstname`, `lastname`, `email`, `phone`) VALUES ('75', 'Marques', 'Lindgren', 'everette72@example.org', '0');
INSERT INTO `users` (`id`, `firstname`, `lastname`, `email`, `phone`) VALUES ('76', 'Lula', 'Stracke', 'alexandrea.will@example.net', '0');
INSERT INTO `users` (`id`, `firstname`, `lastname`, `email`, `phone`) VALUES ('77', 'Ransom', 'Gutkowski', 'gutmann.florence@example.net', '1');
INSERT INTO `users` (`id`, `firstname`, `lastname`, `email`, `phone`) VALUES ('78', 'Marie', 'Sipes', 'zbartoletti@example.com', '296380');
INSERT INTO `users` (`id`, `firstname`, `lastname`, `email`, `phone`) VALUES ('79', 'Ada', 'Ferry', 'keaton.cassin@example.com', '0');
INSERT INTO `users` (`id`, `firstname`, `lastname`, `email`, `phone`) VALUES ('80', 'Freeman', 'Hansen', 'cwintheiser@example.org', '424785');
INSERT INTO `users` (`id`, `firstname`, `lastname`, `email`, `phone`) VALUES ('81', 'Elza', 'Cummings', 'lorena.funk@example.org', '185');
INSERT INTO `users` (`id`, `firstname`, `lastname`, `email`, `phone`) VALUES ('82', 'Gina', 'Brekke', 'carley40@example.net', '0');
INSERT INTO `users` (`id`, `firstname`, `lastname`, `email`, `phone`) VALUES ('83', 'Paige', 'Homenick', 'monahan.loren@example.net', '936637');
INSERT INTO `users` (`id`, `firstname`, `lastname`, `email`, `phone`) VALUES ('84', 'Patsy', 'Nienow', 'grunolfsdottir@example.net', '0');
INSERT INTO `users` (`id`, `firstname`, `lastname`, `email`, `phone`) VALUES ('85', 'Jace', 'Schiller', 'bglover@example.org', '1');
INSERT INTO `users` (`id`, `firstname`, `lastname`, `email`, `phone`) VALUES ('86', 'William', 'Hahn', 'edna90@example.net', '3976623193');
INSERT INTO `users` (`id`, `firstname`, `lastname`, `email`, `phone`) VALUES ('87', 'Casimir', 'Pouros', 'reginald.schmeler@example.com', '618009');
INSERT INTO `users` (`id`, `firstname`, `lastname`, `email`, `phone`) VALUES ('88', 'Blake', 'Senger', 'myrna.spencer@example.com', '1');
INSERT INTO `users` (`id`, `firstname`, `lastname`, `email`, `phone`) VALUES ('89', 'Cicero', 'Dickinson', 'ahudson@example.org', '97');
INSERT INTO `users` (`id`, `firstname`, `lastname`, `email`, `phone`) VALUES ('90', 'Leora', 'Kuphal', 'wrodriguez@example.org', '0');
INSERT INTO `users` (`id`, `firstname`, `lastname`, `email`, `phone`) VALUES ('91', 'Chyna', 'Orn', 'maryjane37@example.net', '0');
INSERT INTO `users` (`id`, `firstname`, `lastname`, `email`, `phone`) VALUES ('92', 'Jack', 'Murazik', 'flossie86@example.net', '1');
INSERT INTO `users` (`id`, `firstname`, `lastname`, `email`, `phone`) VALUES ('93', 'Mireille', 'Blanda', 'anderson.sabryna@example.com', '812255');
INSERT INTO `users` (`id`, `firstname`, `lastname`, `email`, `phone`) VALUES ('94', 'Laury', 'Morissette', 'bud.jerde@example.net', '0');
INSERT INTO `users` (`id`, `firstname`, `lastname`, `email`, `phone`) VALUES ('95', 'Morgan', 'Casper', 'kgreenfelder@example.net', '268');
INSERT INTO `users` (`id`, `firstname`, `lastname`, `email`, `phone`) VALUES ('96', 'Rylee', 'Goodwin', 'rusty.konopelski@example.com', '837123');
INSERT INTO `users` (`id`, `firstname`, `lastname`, `email`, `phone`) VALUES ('97', 'Vicenta', 'Kutch', 'hmoen@example.org', '776');
INSERT INTO `users` (`id`, `firstname`, `lastname`, `email`, `phone`) VALUES ('98', 'Dameon', 'Donnelly', 'kuvalis.wallace@example.org', '583824');
INSERT INTO `users` (`id`, `firstname`, `lastname`, `email`, `phone`) VALUES ('99', 'Lowell', 'Ward', 'ajaskolski@example.org', '137');
INSERT INTO `users` (`id`, `firstname`, `lastname`, `email`, `phone`) VALUES ('100', 'Lisette', 'Christiansen', 'murphy.bernadine@example.com', '6000759698');


#
# TABLE STRUCTURE FOR: friend_requests
#

INSERT INTO `friend_requests` (`initiator_user_id`, `target_user_id`, `status`, `requested_at`, `confirmed_at`) VALUES ('1', '1', 'requested', '2010-05-26 02:39:00', '1989-02-23 23:40:18');
INSERT INTO `friend_requests` (`initiator_user_id`, `target_user_id`, `status`, `requested_at`, `confirmed_at`) VALUES ('2', '2', 'unfriended', '2005-03-22 09:53:38', '1979-03-04 19:27:34');
INSERT INTO `friend_requests` (`initiator_user_id`, `target_user_id`, `status`, `requested_at`, `confirmed_at`) VALUES ('3', '3', 'unfriended', '2013-04-04 19:41:14', '2011-02-21 04:43:20');
INSERT INTO `friend_requests` (`initiator_user_id`, `target_user_id`, `status`, `requested_at`, `confirmed_at`) VALUES ('4', '4', 'declined', '2009-05-01 20:53:25', '1981-04-21 18:39:31');
INSERT INTO `friend_requests` (`initiator_user_id`, `target_user_id`, `status`, `requested_at`, `confirmed_at`) VALUES ('5', '5', 'requested', '1974-05-09 20:54:02', '1979-12-14 17:02:10');
INSERT INTO `friend_requests` (`initiator_user_id`, `target_user_id`, `status`, `requested_at`, `confirmed_at`) VALUES ('6', '6', 'unfriended', '1973-03-22 02:07:36', '1974-12-23 17:11:33');
INSERT INTO `friend_requests` (`initiator_user_id`, `target_user_id`, `status`, `requested_at`, `confirmed_at`) VALUES ('7', '7', 'unfriended', '1987-02-10 09:14:17', '1994-05-03 19:38:06');
INSERT INTO `friend_requests` (`initiator_user_id`, `target_user_id`, `status`, `requested_at`, `confirmed_at`) VALUES ('8', '8', 'requested', '1976-06-09 07:51:53', '2011-01-22 16:03:05');
INSERT INTO `friend_requests` (`initiator_user_id`, `target_user_id`, `status`, `requested_at`, `confirmed_at`) VALUES ('9', '9', 'approved', '2006-01-23 05:25:47', '2013-04-29 09:22:02');
INSERT INTO `friend_requests` (`initiator_user_id`, `target_user_id`, `status`, `requested_at`, `confirmed_at`) VALUES ('10', '10', 'declined', '1986-05-05 11:09:59', '2016-02-21 23:51:04');
INSERT INTO `friend_requests` (`initiator_user_id`, `target_user_id`, `status`, `requested_at`, `confirmed_at`) VALUES ('11', '11', 'requested', '2001-12-30 04:06:39', '2006-05-15 03:06:13');
INSERT INTO `friend_requests` (`initiator_user_id`, `target_user_id`, `status`, `requested_at`, `confirmed_at`) VALUES ('12', '12', 'approved', '2001-09-02 06:46:30', '2008-09-18 14:11:45');
INSERT INTO `friend_requests` (`initiator_user_id`, `target_user_id`, `status`, `requested_at`, `confirmed_at`) VALUES ('13', '13', 'approved', '1973-07-26 23:36:18', '1997-04-28 13:22:25');
INSERT INTO `friend_requests` (`initiator_user_id`, `target_user_id`, `status`, `requested_at`, `confirmed_at`) VALUES ('14', '14', 'declined', '2009-02-18 05:53:47', '2008-01-17 22:49:41');
INSERT INTO `friend_requests` (`initiator_user_id`, `target_user_id`, `status`, `requested_at`, `confirmed_at`) VALUES ('15', '15', 'requested', '2005-02-13 03:05:26', '1980-06-08 21:01:55');
INSERT INTO `friend_requests` (`initiator_user_id`, `target_user_id`, `status`, `requested_at`, `confirmed_at`) VALUES ('16', '16', 'declined', '2000-01-26 13:49:46', '2010-03-24 01:17:07');
INSERT INTO `friend_requests` (`initiator_user_id`, `target_user_id`, `status`, `requested_at`, `confirmed_at`) VALUES ('17', '17', 'requested', '1977-05-14 15:51:27', '1975-03-09 06:43:09');
INSERT INTO `friend_requests` (`initiator_user_id`, `target_user_id`, `status`, `requested_at`, `confirmed_at`) VALUES ('18', '18', 'requested', '1982-10-24 14:16:12', '1972-11-29 04:06:12');
INSERT INTO `friend_requests` (`initiator_user_id`, `target_user_id`, `status`, `requested_at`, `confirmed_at`) VALUES ('19', '19', 'approved', '1983-06-14 10:44:38', '1998-11-30 10:28:05');
INSERT INTO `friend_requests` (`initiator_user_id`, `target_user_id`, `status`, `requested_at`, `confirmed_at`) VALUES ('20', '20', 'declined', '2003-11-22 19:37:40', '2000-03-28 14:27:51');
INSERT INTO `friend_requests` (`initiator_user_id`, `target_user_id`, `status`, `requested_at`, `confirmed_at`) VALUES ('21', '21', 'requested', '2008-12-04 11:33:46', '1999-11-09 08:43:32');
INSERT INTO `friend_requests` (`initiator_user_id`, `target_user_id`, `status`, `requested_at`, `confirmed_at`) VALUES ('22', '22', 'unfriended', '1993-02-23 00:35:30', '2016-03-31 06:54:45');
INSERT INTO `friend_requests` (`initiator_user_id`, `target_user_id`, `status`, `requested_at`, `confirmed_at`) VALUES ('23', '23', 'declined', '2005-12-08 20:29:58', '2000-04-04 15:10:14');
INSERT INTO `friend_requests` (`initiator_user_id`, `target_user_id`, `status`, `requested_at`, `confirmed_at`) VALUES ('24', '24', 'approved', '1997-12-21 00:39:09', '1983-05-26 14:05:44');
INSERT INTO `friend_requests` (`initiator_user_id`, `target_user_id`, `status`, `requested_at`, `confirmed_at`) VALUES ('25', '25', 'approved', '1990-06-06 18:32:46', '1990-06-13 02:45:48');
INSERT INTO `friend_requests` (`initiator_user_id`, `target_user_id`, `status`, `requested_at`, `confirmed_at`) VALUES ('26', '26', 'unfriended', '1971-12-19 09:57:39', '2001-10-03 20:11:22');
INSERT INTO `friend_requests` (`initiator_user_id`, `target_user_id`, `status`, `requested_at`, `confirmed_at`) VALUES ('27', '27', 'declined', '1992-08-18 04:39:48', '2001-02-07 11:07:05');
INSERT INTO `friend_requests` (`initiator_user_id`, `target_user_id`, `status`, `requested_at`, `confirmed_at`) VALUES ('28', '28', 'requested', '2018-05-23 06:00:04', '2006-07-05 06:17:19');
INSERT INTO `friend_requests` (`initiator_user_id`, `target_user_id`, `status`, `requested_at`, `confirmed_at`) VALUES ('29', '29', 'unfriended', '1971-10-27 18:30:59', '1990-08-25 18:35:04');
INSERT INTO `friend_requests` (`initiator_user_id`, `target_user_id`, `status`, `requested_at`, `confirmed_at`) VALUES ('30', '30', 'approved', '2015-10-26 23:15:09', '1986-03-08 23:22:23');
INSERT INTO `friend_requests` (`initiator_user_id`, `target_user_id`, `status`, `requested_at`, `confirmed_at`) VALUES ('31', '31', 'requested', '2016-02-27 16:17:52', '1972-01-18 04:33:54');
INSERT INTO `friend_requests` (`initiator_user_id`, `target_user_id`, `status`, `requested_at`, `confirmed_at`) VALUES ('32', '32', 'unfriended', '1987-06-29 02:52:38', '1975-03-13 12:35:24');
INSERT INTO `friend_requests` (`initiator_user_id`, `target_user_id`, `status`, `requested_at`, `confirmed_at`) VALUES ('33', '33', 'approved', '2004-09-05 14:25:38', '2014-11-11 00:01:05');
INSERT INTO `friend_requests` (`initiator_user_id`, `target_user_id`, `status`, `requested_at`, `confirmed_at`) VALUES ('34', '34', 'declined', '1983-11-10 12:17:17', '1975-03-10 18:08:51');
INSERT INTO `friend_requests` (`initiator_user_id`, `target_user_id`, `status`, `requested_at`, `confirmed_at`) VALUES ('35', '35', 'approved', '2012-04-24 16:46:29', '1985-05-23 01:23:55');
INSERT INTO `friend_requests` (`initiator_user_id`, `target_user_id`, `status`, `requested_at`, `confirmed_at`) VALUES ('36', '36', 'unfriended', '1990-05-08 10:41:56', '1971-04-25 10:52:31');
INSERT INTO `friend_requests` (`initiator_user_id`, `target_user_id`, `status`, `requested_at`, `confirmed_at`) VALUES ('37', '37', 'declined', '1988-11-24 17:13:00', '1971-05-21 07:17:07');
INSERT INTO `friend_requests` (`initiator_user_id`, `target_user_id`, `status`, `requested_at`, `confirmed_at`) VALUES ('38', '38', 'requested', '1997-02-28 15:52:21', '1986-06-24 22:21:20');
INSERT INTO `friend_requests` (`initiator_user_id`, `target_user_id`, `status`, `requested_at`, `confirmed_at`) VALUES ('39', '39', 'declined', '1992-07-24 12:30:56', '1976-04-11 09:41:43');
INSERT INTO `friend_requests` (`initiator_user_id`, `target_user_id`, `status`, `requested_at`, `confirmed_at`) VALUES ('40', '40', 'declined', '2001-11-02 05:32:54', '1992-10-29 05:34:48');
INSERT INTO `friend_requests` (`initiator_user_id`, `target_user_id`, `status`, `requested_at`, `confirmed_at`) VALUES ('41', '41', 'requested', '1991-04-07 10:53:47', '1980-12-12 01:14:03');
INSERT INTO `friend_requests` (`initiator_user_id`, `target_user_id`, `status`, `requested_at`, `confirmed_at`) VALUES ('42', '42', 'approved', '2006-06-18 18:02:37', '1988-04-25 19:20:11');
INSERT INTO `friend_requests` (`initiator_user_id`, `target_user_id`, `status`, `requested_at`, `confirmed_at`) VALUES ('43', '43', 'approved', '1976-11-02 03:39:13', '2005-02-28 22:43:56');
INSERT INTO `friend_requests` (`initiator_user_id`, `target_user_id`, `status`, `requested_at`, `confirmed_at`) VALUES ('44', '44', 'approved', '1977-04-14 19:16:01', '1978-07-09 14:24:26');
INSERT INTO `friend_requests` (`initiator_user_id`, `target_user_id`, `status`, `requested_at`, `confirmed_at`) VALUES ('45', '45', 'requested', '1993-08-19 01:56:17', '2004-08-18 21:51:59');
INSERT INTO `friend_requests` (`initiator_user_id`, `target_user_id`, `status`, `requested_at`, `confirmed_at`) VALUES ('46', '46', 'requested', '1994-04-08 00:16:01', '1982-03-23 01:22:22');
INSERT INTO `friend_requests` (`initiator_user_id`, `target_user_id`, `status`, `requested_at`, `confirmed_at`) VALUES ('47', '47', 'declined', '2003-08-25 15:17:17', '1999-01-16 03:17:35');
INSERT INTO `friend_requests` (`initiator_user_id`, `target_user_id`, `status`, `requested_at`, `confirmed_at`) VALUES ('48', '48', 'approved', '1970-09-05 07:55:49', '1984-01-06 21:36:03');
INSERT INTO `friend_requests` (`initiator_user_id`, `target_user_id`, `status`, `requested_at`, `confirmed_at`) VALUES ('49', '49', 'declined', '1979-05-30 10:38:46', '1974-04-08 02:46:21');
INSERT INTO `friend_requests` (`initiator_user_id`, `target_user_id`, `status`, `requested_at`, `confirmed_at`) VALUES ('50', '50', 'requested', '1998-10-07 13:18:13', '1977-12-02 10:48:37');
INSERT INTO `friend_requests` (`initiator_user_id`, `target_user_id`, `status`, `requested_at`, `confirmed_at`) VALUES ('51', '51', 'unfriended', '1985-03-17 01:36:30', '1975-10-25 15:19:41');
INSERT INTO `friend_requests` (`initiator_user_id`, `target_user_id`, `status`, `requested_at`, `confirmed_at`) VALUES ('52', '52', 'requested', '2017-07-29 17:46:57', '1971-10-06 13:51:22');
INSERT INTO `friend_requests` (`initiator_user_id`, `target_user_id`, `status`, `requested_at`, `confirmed_at`) VALUES ('53', '53', 'requested', '2013-11-03 22:57:46', '1992-05-10 14:03:06');
INSERT INTO `friend_requests` (`initiator_user_id`, `target_user_id`, `status`, `requested_at`, `confirmed_at`) VALUES ('54', '54', 'requested', '2003-05-29 13:48:54', '1972-07-31 16:18:53');
INSERT INTO `friend_requests` (`initiator_user_id`, `target_user_id`, `status`, `requested_at`, `confirmed_at`) VALUES ('55', '55', 'requested', '2010-09-26 20:27:02', '1982-06-11 14:30:36');
INSERT INTO `friend_requests` (`initiator_user_id`, `target_user_id`, `status`, `requested_at`, `confirmed_at`) VALUES ('56', '56', 'declined', '2019-03-15 13:25:46', '2003-08-24 18:34:06');
INSERT INTO `friend_requests` (`initiator_user_id`, `target_user_id`, `status`, `requested_at`, `confirmed_at`) VALUES ('57', '57', 'approved', '1982-06-28 05:32:41', '1971-11-13 23:25:30');
INSERT INTO `friend_requests` (`initiator_user_id`, `target_user_id`, `status`, `requested_at`, `confirmed_at`) VALUES ('58', '58', 'approved', '2018-12-19 20:41:30', '1976-09-01 05:16:58');
INSERT INTO `friend_requests` (`initiator_user_id`, `target_user_id`, `status`, `requested_at`, `confirmed_at`) VALUES ('59', '59', 'approved', '1982-10-03 05:59:19', '1996-06-02 03:31:19');
INSERT INTO `friend_requests` (`initiator_user_id`, `target_user_id`, `status`, `requested_at`, `confirmed_at`) VALUES ('60', '60', 'requested', '1997-06-06 12:39:31', '1999-05-09 00:41:01');
INSERT INTO `friend_requests` (`initiator_user_id`, `target_user_id`, `status`, `requested_at`, `confirmed_at`) VALUES ('61', '61', 'unfriended', '1982-09-22 12:22:49', '1989-01-02 17:06:25');
INSERT INTO `friend_requests` (`initiator_user_id`, `target_user_id`, `status`, `requested_at`, `confirmed_at`) VALUES ('62', '62', 'approved', '1971-10-25 20:46:13', '2017-09-10 07:16:15');
INSERT INTO `friend_requests` (`initiator_user_id`, `target_user_id`, `status`, `requested_at`, `confirmed_at`) VALUES ('63', '63', 'declined', '1995-03-15 01:30:13', '1990-05-26 13:34:30');
INSERT INTO `friend_requests` (`initiator_user_id`, `target_user_id`, `status`, `requested_at`, `confirmed_at`) VALUES ('64', '64', 'unfriended', '1977-02-20 12:07:28', '1995-04-06 09:03:18');
INSERT INTO `friend_requests` (`initiator_user_id`, `target_user_id`, `status`, `requested_at`, `confirmed_at`) VALUES ('65', '65', 'declined', '2004-10-15 13:35:04', '2005-10-12 12:09:23');
INSERT INTO `friend_requests` (`initiator_user_id`, `target_user_id`, `status`, `requested_at`, `confirmed_at`) VALUES ('66', '66', 'declined', '2005-03-13 18:47:26', '1993-05-04 22:22:45');
INSERT INTO `friend_requests` (`initiator_user_id`, `target_user_id`, `status`, `requested_at`, `confirmed_at`) VALUES ('67', '67', 'unfriended', '1979-10-24 07:58:44', '1987-02-18 21:23:08');
INSERT INTO `friend_requests` (`initiator_user_id`, `target_user_id`, `status`, `requested_at`, `confirmed_at`) VALUES ('68', '68', 'approved', '1983-02-01 10:26:47', '2005-09-16 02:32:57');
INSERT INTO `friend_requests` (`initiator_user_id`, `target_user_id`, `status`, `requested_at`, `confirmed_at`) VALUES ('69', '69', 'declined', '1979-08-10 19:56:20', '1989-10-11 08:48:38');
INSERT INTO `friend_requests` (`initiator_user_id`, `target_user_id`, `status`, `requested_at`, `confirmed_at`) VALUES ('70', '70', 'declined', '2008-09-14 05:21:53', '2000-02-18 21:32:34');
INSERT INTO `friend_requests` (`initiator_user_id`, `target_user_id`, `status`, `requested_at`, `confirmed_at`) VALUES ('71', '71', 'declined', '2019-12-22 21:32:40', '1973-12-02 23:14:33');
INSERT INTO `friend_requests` (`initiator_user_id`, `target_user_id`, `status`, `requested_at`, `confirmed_at`) VALUES ('72', '72', 'declined', '2012-03-08 05:56:35', '2012-07-30 14:26:03');
INSERT INTO `friend_requests` (`initiator_user_id`, `target_user_id`, `status`, `requested_at`, `confirmed_at`) VALUES ('73', '73', 'approved', '1981-12-11 10:35:20', '2005-06-04 21:56:25');
INSERT INTO `friend_requests` (`initiator_user_id`, `target_user_id`, `status`, `requested_at`, `confirmed_at`) VALUES ('74', '74', 'requested', '1996-09-06 11:05:00', '2006-08-29 10:39:40');
INSERT INTO `friend_requests` (`initiator_user_id`, `target_user_id`, `status`, `requested_at`, `confirmed_at`) VALUES ('75', '75', 'approved', '2000-08-28 09:13:39', '1980-05-19 00:25:44');
INSERT INTO `friend_requests` (`initiator_user_id`, `target_user_id`, `status`, `requested_at`, `confirmed_at`) VALUES ('76', '76', 'approved', '1991-09-09 14:49:59', '2014-10-08 06:15:38');
INSERT INTO `friend_requests` (`initiator_user_id`, `target_user_id`, `status`, `requested_at`, `confirmed_at`) VALUES ('77', '77', 'approved', '2011-12-01 01:58:01', '1979-05-31 03:56:32');
INSERT INTO `friend_requests` (`initiator_user_id`, `target_user_id`, `status`, `requested_at`, `confirmed_at`) VALUES ('78', '78', 'unfriended', '1974-09-17 20:46:05', '1977-07-10 15:50:38');
INSERT INTO `friend_requests` (`initiator_user_id`, `target_user_id`, `status`, `requested_at`, `confirmed_at`) VALUES ('79', '79', 'approved', '1987-08-26 08:33:50', '1970-07-04 06:23:25');
INSERT INTO `friend_requests` (`initiator_user_id`, `target_user_id`, `status`, `requested_at`, `confirmed_at`) VALUES ('80', '80', 'declined', '1986-08-20 04:53:12', '1983-11-15 01:21:08');
INSERT INTO `friend_requests` (`initiator_user_id`, `target_user_id`, `status`, `requested_at`, `confirmed_at`) VALUES ('81', '81', 'requested', '1973-02-02 05:39:01', '1981-03-19 21:52:19');
INSERT INTO `friend_requests` (`initiator_user_id`, `target_user_id`, `status`, `requested_at`, `confirmed_at`) VALUES ('82', '82', 'unfriended', '2012-04-03 13:45:05', '2010-04-10 17:53:03');
INSERT INTO `friend_requests` (`initiator_user_id`, `target_user_id`, `status`, `requested_at`, `confirmed_at`) VALUES ('83', '83', 'requested', '1986-11-20 22:31:33', '2014-12-17 06:17:05');
INSERT INTO `friend_requests` (`initiator_user_id`, `target_user_id`, `status`, `requested_at`, `confirmed_at`) VALUES ('84', '84', 'unfriended', '1990-12-19 16:24:57', '1997-07-28 20:54:19');
INSERT INTO `friend_requests` (`initiator_user_id`, `target_user_id`, `status`, `requested_at`, `confirmed_at`) VALUES ('85', '85', 'unfriended', '2018-06-26 10:49:20', '1971-01-12 07:12:41');
INSERT INTO `friend_requests` (`initiator_user_id`, `target_user_id`, `status`, `requested_at`, `confirmed_at`) VALUES ('86', '86', 'declined', '2018-04-29 22:48:22', '1984-06-12 19:55:33');
INSERT INTO `friend_requests` (`initiator_user_id`, `target_user_id`, `status`, `requested_at`, `confirmed_at`) VALUES ('87', '87', 'unfriended', '1985-09-16 21:48:06', '1978-02-10 18:32:03');
INSERT INTO `friend_requests` (`initiator_user_id`, `target_user_id`, `status`, `requested_at`, `confirmed_at`) VALUES ('88', '88', 'unfriended', '1987-07-24 10:13:03', '1982-08-11 11:44:47');
INSERT INTO `friend_requests` (`initiator_user_id`, `target_user_id`, `status`, `requested_at`, `confirmed_at`) VALUES ('89', '89', 'declined', '2008-08-31 14:23:43', '2010-05-25 09:54:28');
INSERT INTO `friend_requests` (`initiator_user_id`, `target_user_id`, `status`, `requested_at`, `confirmed_at`) VALUES ('90', '90', 'declined', '2017-03-28 15:11:09', '2010-06-04 06:48:42');
INSERT INTO `friend_requests` (`initiator_user_id`, `target_user_id`, `status`, `requested_at`, `confirmed_at`) VALUES ('91', '91', 'declined', '1991-09-10 06:52:45', '2005-05-09 15:04:54');
INSERT INTO `friend_requests` (`initiator_user_id`, `target_user_id`, `status`, `requested_at`, `confirmed_at`) VALUES ('92', '92', 'unfriended', '1971-11-09 18:12:44', '2005-04-19 03:54:59');
INSERT INTO `friend_requests` (`initiator_user_id`, `target_user_id`, `status`, `requested_at`, `confirmed_at`) VALUES ('93', '93', 'approved', '1971-12-28 21:23:31', '1995-10-27 11:59:50');
INSERT INTO `friend_requests` (`initiator_user_id`, `target_user_id`, `status`, `requested_at`, `confirmed_at`) VALUES ('94', '94', 'declined', '2011-11-27 09:09:02', '1989-04-09 13:36:20');
INSERT INTO `friend_requests` (`initiator_user_id`, `target_user_id`, `status`, `requested_at`, `confirmed_at`) VALUES ('95', '95', 'requested', '2005-11-09 02:06:53', '1998-10-26 12:43:44');
INSERT INTO `friend_requests` (`initiator_user_id`, `target_user_id`, `status`, `requested_at`, `confirmed_at`) VALUES ('96', '96', 'unfriended', '1985-12-23 17:04:34', '1996-09-26 20:52:31');
INSERT INTO `friend_requests` (`initiator_user_id`, `target_user_id`, `status`, `requested_at`, `confirmed_at`) VALUES ('97', '97', 'approved', '2007-08-16 22:33:59', '1980-03-25 12:44:35');
INSERT INTO `friend_requests` (`initiator_user_id`, `target_user_id`, `status`, `requested_at`, `confirmed_at`) VALUES ('98', '98', 'unfriended', '1980-01-15 20:27:23', '1998-10-25 14:19:00');
INSERT INTO `friend_requests` (`initiator_user_id`, `target_user_id`, `status`, `requested_at`, `confirmed_at`) VALUES ('99', '99', 'approved', '1982-11-21 09:12:53', '1985-09-23 15:01:29');
INSERT INTO `friend_requests` (`initiator_user_id`, `target_user_id`, `status`, `requested_at`, `confirmed_at`) VALUES ('100', '100', 'unfriended', '2007-01-29 00:05:15', '2009-04-16 10:18:59');

#
# TABLE STRUCTURE FOR: media_types
#

INSERT INTO `media_types` (`id`, `name`, `created_at`, `updated_at`) VALUES ('1', 'ut', '2016-03-08 01:52:06', '1987-06-11 23:39:50');
INSERT INTO `media_types` (`id`, `name`, `created_at`, `updated_at`) VALUES ('2', 'quia', '1978-12-10 22:40:00', '2003-03-05 02:35:48');
INSERT INTO `media_types` (`id`, `name`, `created_at`, `updated_at`) VALUES ('3', 'cum', '2020-04-03 07:05:52', '2018-03-12 04:24:38');
INSERT INTO `media_types` (`id`, `name`, `created_at`, `updated_at`) VALUES ('4', 'alias', '1981-02-27 01:19:58', '2006-09-12 01:04:12');
INSERT INTO `media_types` (`id`, `name`, `created_at`, `updated_at`) VALUES ('5', 'accusamus', '1989-11-09 16:42:50', '1992-03-29 22:48:34');
INSERT INTO `media_types` (`id`, `name`, `created_at`, `updated_at`) VALUES ('6', 'dolorem', '1995-12-28 20:56:44', '2001-10-19 20:33:55');
INSERT INTO `media_types` (`id`, `name`, `created_at`, `updated_at`) VALUES ('7', 'quia', '1990-06-26 18:23:42', '2000-07-15 13:59:47');
INSERT INTO `media_types` (`id`, `name`, `created_at`, `updated_at`) VALUES ('8', 'totam', '2019-06-05 21:56:23', '2019-02-24 05:13:19');
INSERT INTO `media_types` (`id`, `name`, `created_at`, `updated_at`) VALUES ('9', 'aperiam', '2008-09-28 22:38:35', '2003-08-07 14:25:54');
INSERT INTO `media_types` (`id`, `name`, `created_at`, `updated_at`) VALUES ('10', 'velit', '1981-04-16 20:40:29', '1995-07-22 00:12:33');
INSERT INTO `media_types` (`id`, `name`, `created_at`, `updated_at`) VALUES ('11', 'officia', '1978-01-31 07:32:05', '2007-11-02 11:44:46');
INSERT INTO `media_types` (`id`, `name`, `created_at`, `updated_at`) VALUES ('12', 'qui', '1975-09-20 18:08:00', '1987-04-27 21:11:49');
INSERT INTO `media_types` (`id`, `name`, `created_at`, `updated_at`) VALUES ('13', 'sed', '1993-11-25 15:04:00', '1987-02-24 15:01:57');
INSERT INTO `media_types` (`id`, `name`, `created_at`, `updated_at`) VALUES ('14', 'molestiae', '1981-05-05 20:49:29', '1976-02-03 15:58:49');
INSERT INTO `media_types` (`id`, `name`, `created_at`, `updated_at`) VALUES ('15', 'quis', '2019-08-20 01:38:16', '1980-06-13 16:47:03');
INSERT INTO `media_types` (`id`, `name`, `created_at`, `updated_at`) VALUES ('16', 'consequuntur', '1994-10-01 04:41:48', '1996-06-19 10:26:09');
INSERT INTO `media_types` (`id`, `name`, `created_at`, `updated_at`) VALUES ('17', 'recusandae', '2007-02-26 20:42:56', '1997-01-15 07:00:27');
INSERT INTO `media_types` (`id`, `name`, `created_at`, `updated_at`) VALUES ('18', 'dignissimos', '2015-04-08 17:48:04', '1993-06-09 12:33:28');
INSERT INTO `media_types` (`id`, `name`, `created_at`, `updated_at`) VALUES ('19', 'nihil', '2000-07-14 00:56:28', '2011-07-03 12:06:41');
INSERT INTO `media_types` (`id`, `name`, `created_at`, `updated_at`) VALUES ('20', 'vel', '2001-04-19 05:47:07', '1981-08-05 11:41:24');
INSERT INTO `media_types` (`id`, `name`, `created_at`, `updated_at`) VALUES ('21', 'cupiditate', '2000-10-30 22:04:16', '2011-12-11 17:47:41');
INSERT INTO `media_types` (`id`, `name`, `created_at`, `updated_at`) VALUES ('22', 'eaque', '1973-05-15 17:12:09', '2016-02-11 09:17:53');
INSERT INTO `media_types` (`id`, `name`, `created_at`, `updated_at`) VALUES ('23', 'rerum', '1974-05-21 04:26:46', '1989-08-22 11:46:06');
INSERT INTO `media_types` (`id`, `name`, `created_at`, `updated_at`) VALUES ('24', 'explicabo', '2009-05-09 23:27:58', '2016-01-23 00:08:03');
INSERT INTO `media_types` (`id`, `name`, `created_at`, `updated_at`) VALUES ('25', 'ut', '1983-06-22 06:53:17', '1980-11-04 13:25:58');
INSERT INTO `media_types` (`id`, `name`, `created_at`, `updated_at`) VALUES ('26', 'dolor', '2018-02-16 01:43:31', '1971-11-25 19:16:04');
INSERT INTO `media_types` (`id`, `name`, `created_at`, `updated_at`) VALUES ('27', 'totam', '1975-10-17 16:36:52', '1984-12-19 09:57:28');
INSERT INTO `media_types` (`id`, `name`, `created_at`, `updated_at`) VALUES ('28', 'ut', '1994-04-18 15:34:04', '1973-09-16 03:11:25');
INSERT INTO `media_types` (`id`, `name`, `created_at`, `updated_at`) VALUES ('29', 'quos', '2007-12-12 04:26:34', '1993-07-24 20:26:44');
INSERT INTO `media_types` (`id`, `name`, `created_at`, `updated_at`) VALUES ('30', 'nobis', '2004-10-14 13:51:55', '2003-12-07 15:02:53');
INSERT INTO `media_types` (`id`, `name`, `created_at`, `updated_at`) VALUES ('31', 'natus', '1980-10-12 05:54:43', '1998-02-12 08:27:50');
INSERT INTO `media_types` (`id`, `name`, `created_at`, `updated_at`) VALUES ('32', 'autem', '2003-04-03 13:35:09', '2008-04-08 08:10:05');
INSERT INTO `media_types` (`id`, `name`, `created_at`, `updated_at`) VALUES ('33', 'est', '1995-08-01 14:06:51', '2013-06-13 13:54:41');
INSERT INTO `media_types` (`id`, `name`, `created_at`, `updated_at`) VALUES ('34', 'sit', '1998-02-07 19:51:26', '1998-02-05 21:50:22');
INSERT INTO `media_types` (`id`, `name`, `created_at`, `updated_at`) VALUES ('35', 'nam', '1976-10-17 12:09:09', '2004-08-18 03:20:33');
INSERT INTO `media_types` (`id`, `name`, `created_at`, `updated_at`) VALUES ('36', 'aperiam', '1982-12-04 16:41:42', '1985-06-07 08:23:45');
INSERT INTO `media_types` (`id`, `name`, `created_at`, `updated_at`) VALUES ('37', 'commodi', '2020-04-05 14:46:52', '1979-01-18 13:17:12');
INSERT INTO `media_types` (`id`, `name`, `created_at`, `updated_at`) VALUES ('38', 'delectus', '1995-05-03 15:24:03', '2008-02-17 02:38:57');
INSERT INTO `media_types` (`id`, `name`, `created_at`, `updated_at`) VALUES ('39', 'veritatis', '2002-05-27 06:02:19', '2017-05-12 18:33:05');
INSERT INTO `media_types` (`id`, `name`, `created_at`, `updated_at`) VALUES ('40', 'aut', '1975-11-22 16:19:49', '2010-03-25 14:10:28');
INSERT INTO `media_types` (`id`, `name`, `created_at`, `updated_at`) VALUES ('41', 'recusandae', '1977-05-29 10:29:41', '1989-06-12 22:37:36');
INSERT INTO `media_types` (`id`, `name`, `created_at`, `updated_at`) VALUES ('42', 'est', '1975-02-19 22:48:05', '1987-08-14 04:34:30');
INSERT INTO `media_types` (`id`, `name`, `created_at`, `updated_at`) VALUES ('43', 'molestiae', '2005-12-04 17:35:23', '2012-02-06 08:17:29');
INSERT INTO `media_types` (`id`, `name`, `created_at`, `updated_at`) VALUES ('44', 'quisquam', '1970-09-23 15:39:57', '2016-09-02 06:21:23');
INSERT INTO `media_types` (`id`, `name`, `created_at`, `updated_at`) VALUES ('45', 'exercitationem', '1973-02-24 13:09:27', '2003-06-11 05:25:12');
INSERT INTO `media_types` (`id`, `name`, `created_at`, `updated_at`) VALUES ('46', 'id', '2005-01-29 19:45:13', '1985-01-30 11:32:17');
INSERT INTO `media_types` (`id`, `name`, `created_at`, `updated_at`) VALUES ('47', 'dicta', '2006-06-25 04:03:19', '1972-06-13 12:59:00');
INSERT INTO `media_types` (`id`, `name`, `created_at`, `updated_at`) VALUES ('48', 'error', '1978-02-15 01:04:27', '2010-07-21 10:11:43');
INSERT INTO `media_types` (`id`, `name`, `created_at`, `updated_at`) VALUES ('49', 'sed', '1989-05-24 08:22:35', '1980-05-08 02:46:06');
INSERT INTO `media_types` (`id`, `name`, `created_at`, `updated_at`) VALUES ('50', 'quia', '1997-02-23 06:20:59', '1977-01-02 17:04:10');
INSERT INTO `media_types` (`id`, `name`, `created_at`, `updated_at`) VALUES ('51', 'at', '2014-12-09 22:22:30', '1985-05-11 16:25:06');
INSERT INTO `media_types` (`id`, `name`, `created_at`, `updated_at`) VALUES ('52', 'similique', '1987-12-12 06:20:31', '1999-09-30 17:54:46');
INSERT INTO `media_types` (`id`, `name`, `created_at`, `updated_at`) VALUES ('53', 'omnis', '2005-02-08 03:58:57', '1993-09-27 17:38:05');
INSERT INTO `media_types` (`id`, `name`, `created_at`, `updated_at`) VALUES ('54', 'qui', '1993-10-23 10:52:11', '1990-10-24 06:44:02');
INSERT INTO `media_types` (`id`, `name`, `created_at`, `updated_at`) VALUES ('55', 'vel', '1977-07-05 12:19:43', '1988-10-04 14:50:58');
INSERT INTO `media_types` (`id`, `name`, `created_at`, `updated_at`) VALUES ('56', 'est', '2000-03-04 04:22:01', '2019-09-14 15:52:01');
INSERT INTO `media_types` (`id`, `name`, `created_at`, `updated_at`) VALUES ('57', 'ab', '2006-03-26 17:51:42', '1980-06-09 15:13:16');
INSERT INTO `media_types` (`id`, `name`, `created_at`, `updated_at`) VALUES ('58', 'et', '2002-12-14 01:47:36', '1973-07-03 13:34:07');
INSERT INTO `media_types` (`id`, `name`, `created_at`, `updated_at`) VALUES ('59', 'voluptatum', '2009-12-12 01:00:18', '1995-09-18 20:38:24');
INSERT INTO `media_types` (`id`, `name`, `created_at`, `updated_at`) VALUES ('60', 'amet', '2000-11-30 10:39:24', '2003-06-10 21:42:44');
INSERT INTO `media_types` (`id`, `name`, `created_at`, `updated_at`) VALUES ('61', 'eius', '2016-03-04 22:30:50', '1978-09-27 20:05:44');
INSERT INTO `media_types` (`id`, `name`, `created_at`, `updated_at`) VALUES ('62', 'neque', '2002-07-11 12:18:42', '2004-05-04 07:40:34');
INSERT INTO `media_types` (`id`, `name`, `created_at`, `updated_at`) VALUES ('63', 'tempora', '1992-02-13 13:45:29', '1994-10-30 05:46:22');
INSERT INTO `media_types` (`id`, `name`, `created_at`, `updated_at`) VALUES ('64', 'dolor', '2013-06-26 07:23:56', '1995-02-13 18:38:54');
INSERT INTO `media_types` (`id`, `name`, `created_at`, `updated_at`) VALUES ('65', 'repudiandae', '1974-12-23 07:14:13', '1982-12-04 20:42:12');
INSERT INTO `media_types` (`id`, `name`, `created_at`, `updated_at`) VALUES ('66', 'asperiores', '1985-08-19 20:52:18', '1978-01-04 16:08:32');
INSERT INTO `media_types` (`id`, `name`, `created_at`, `updated_at`) VALUES ('67', 'laboriosam', '2009-07-19 02:19:23', '2005-02-04 13:13:10');
INSERT INTO `media_types` (`id`, `name`, `created_at`, `updated_at`) VALUES ('68', 'distinctio', '1989-03-09 04:59:42', '1987-02-22 03:21:31');
INSERT INTO `media_types` (`id`, `name`, `created_at`, `updated_at`) VALUES ('69', 'sunt', '1984-09-26 01:00:08', '2004-07-08 09:48:07');
INSERT INTO `media_types` (`id`, `name`, `created_at`, `updated_at`) VALUES ('70', 'expedita', '2005-03-06 03:13:15', '1973-11-21 23:21:12');
INSERT INTO `media_types` (`id`, `name`, `created_at`, `updated_at`) VALUES ('71', 'ab', '1986-12-25 18:03:44', '2012-08-18 16:37:40');
INSERT INTO `media_types` (`id`, `name`, `created_at`, `updated_at`) VALUES ('72', 'sunt', '2002-11-05 22:12:59', '2011-04-04 09:05:23');
INSERT INTO `media_types` (`id`, `name`, `created_at`, `updated_at`) VALUES ('73', 'molestiae', '1981-06-03 17:20:28', '1980-12-26 02:14:52');
INSERT INTO `media_types` (`id`, `name`, `created_at`, `updated_at`) VALUES ('74', 'tempora', '2019-02-11 21:36:22', '1998-01-22 23:53:16');
INSERT INTO `media_types` (`id`, `name`, `created_at`, `updated_at`) VALUES ('75', 'ea', '2014-12-13 11:24:12', '1977-02-20 15:28:36');
INSERT INTO `media_types` (`id`, `name`, `created_at`, `updated_at`) VALUES ('76', 'maiores', '1987-05-05 17:20:08', '2001-09-07 11:23:34');
INSERT INTO `media_types` (`id`, `name`, `created_at`, `updated_at`) VALUES ('77', 'velit', '2008-03-05 17:10:15', '1982-01-26 09:05:36');
INSERT INTO `media_types` (`id`, `name`, `created_at`, `updated_at`) VALUES ('78', 'temporibus', '1984-12-29 15:15:07', '2000-08-15 23:33:21');
INSERT INTO `media_types` (`id`, `name`, `created_at`, `updated_at`) VALUES ('79', 'inventore', '2004-03-12 21:52:44', '1985-04-06 14:48:44');
INSERT INTO `media_types` (`id`, `name`, `created_at`, `updated_at`) VALUES ('80', 'voluptatibus', '2004-02-03 08:01:18', '2004-02-23 21:20:57');
INSERT INTO `media_types` (`id`, `name`, `created_at`, `updated_at`) VALUES ('81', 'architecto', '1975-06-12 08:08:30', '1976-04-06 17:58:43');
INSERT INTO `media_types` (`id`, `name`, `created_at`, `updated_at`) VALUES ('82', 'temporibus', '2013-10-30 23:59:56', '1973-10-23 19:12:11');
INSERT INTO `media_types` (`id`, `name`, `created_at`, `updated_at`) VALUES ('83', 'velit', '2019-07-16 00:51:10', '2007-03-11 00:44:07');
INSERT INTO `media_types` (`id`, `name`, `created_at`, `updated_at`) VALUES ('84', 'blanditiis', '2014-08-13 01:00:34', '1972-06-14 06:23:32');
INSERT INTO `media_types` (`id`, `name`, `created_at`, `updated_at`) VALUES ('85', 'natus', '1997-03-16 00:22:51', '2018-11-08 21:10:34');
INSERT INTO `media_types` (`id`, `name`, `created_at`, `updated_at`) VALUES ('86', 'rem', '1985-08-25 00:28:02', '1993-01-25 09:24:01');
INSERT INTO `media_types` (`id`, `name`, `created_at`, `updated_at`) VALUES ('87', 'amet', '2015-04-18 09:53:32', '1970-01-20 05:52:28');
INSERT INTO `media_types` (`id`, `name`, `created_at`, `updated_at`) VALUES ('88', 'quas', '1983-10-17 06:26:08', '1970-05-12 19:03:20');
INSERT INTO `media_types` (`id`, `name`, `created_at`, `updated_at`) VALUES ('89', 'molestias', '2006-06-29 12:14:57', '2019-06-16 16:39:18');
INSERT INTO `media_types` (`id`, `name`, `created_at`, `updated_at`) VALUES ('90', 'molestiae', '1972-09-02 17:38:15', '1981-03-03 23:38:17');
INSERT INTO `media_types` (`id`, `name`, `created_at`, `updated_at`) VALUES ('91', 'recusandae', '1981-03-31 05:09:38', '2005-07-10 21:35:05');
INSERT INTO `media_types` (`id`, `name`, `created_at`, `updated_at`) VALUES ('92', 'necessitatibus', '1978-09-21 21:23:49', '1982-03-18 11:36:04');
INSERT INTO `media_types` (`id`, `name`, `created_at`, `updated_at`) VALUES ('93', 'temporibus', '1992-07-08 20:53:37', '2008-06-22 17:04:10');
INSERT INTO `media_types` (`id`, `name`, `created_at`, `updated_at`) VALUES ('94', 'perferendis', '2013-01-15 01:19:41', '1999-07-15 04:15:49');
INSERT INTO `media_types` (`id`, `name`, `created_at`, `updated_at`) VALUES ('95', 'voluptas', '2008-01-10 15:43:25', '1986-02-06 13:29:58');
INSERT INTO `media_types` (`id`, `name`, `created_at`, `updated_at`) VALUES ('96', 'omnis', '1995-04-08 06:02:44', '1992-12-08 01:24:19');
INSERT INTO `media_types` (`id`, `name`, `created_at`, `updated_at`) VALUES ('97', 'eos', '1989-04-14 02:21:34', '1986-01-12 21:34:10');
INSERT INTO `media_types` (`id`, `name`, `created_at`, `updated_at`) VALUES ('98', 'itaque', '1989-06-05 04:13:43', '1978-08-11 08:43:21');
INSERT INTO `media_types` (`id`, `name`, `created_at`, `updated_at`) VALUES ('99', 'tempora', '2008-11-12 17:50:21', '1997-02-21 09:30:47');
INSERT INTO `media_types` (`id`, `name`, `created_at`, `updated_at`) VALUES ('100', 'ullam', '1998-04-01 04:58:48', '1993-12-28 14:27:13');

#
# TABLE STRUCTURE FOR: media
#
INSERT INTO `media` (`id`, `media_type_id`, `user_id`, `body`, `filename`, `size`, `metadata`, `created_at`, `updated_at`) VALUES ('1', '1', '1', 'Praesentium est sed architecto corporis aliquam facere atque. Impedit beatae voluptatem voluptatem quae expedita veniam. Et placeat voluptates possimus magnam ipsum.', 'rerum', 5397240, NULL, '1993-08-30 11:42:51', '1985-05-06 22:05:13');
INSERT INTO `media` (`id`, `media_type_id`, `user_id`, `body`, `filename`, `size`, `metadata`, `created_at`, `updated_at`) VALUES ('2', '2', '2', 'Aut eum harum libero nihil eveniet quos. Id non fugiat labore quos autem ullam.', 'voluptatum', 40688587, NULL, '1984-07-19 21:06:09', '2005-11-30 15:29:54');
INSERT INTO `media` (`id`, `media_type_id`, `user_id`, `body`, `filename`, `size`, `metadata`, `created_at`, `updated_at`) VALUES ('3', '3', '3', 'Delectus libero qui ut inventore dolorem voluptas. Voluptatum ut quos error molestiae voluptatibus non alias.', 'quo', 9, NULL, '1970-05-06 09:58:08', '1980-06-16 09:17:26');
INSERT INTO `media` (`id`, `media_type_id`, `user_id`, `body`, `filename`, `size`, `metadata`, `created_at`, `updated_at`) VALUES ('4', '4', '4', 'Harum quis perferendis et. Quam laudantium tempore quia. Quas totam animi ullam enim sed ut.', 'ut', 626063560, NULL, '2005-11-28 08:25:23', '2014-09-27 20:22:47');
INSERT INTO `media` (`id`, `media_type_id`, `user_id`, `body`, `filename`, `size`, `metadata`, `created_at`, `updated_at`) VALUES ('5', '5', '5', 'Ut deleniti et est accusantium minus. Aut vitae error quibusdam vitae sit.', 'inventore', 7256, NULL, '2009-11-03 19:39:59', '2005-10-09 01:49:35');
INSERT INTO `media` (`id`, `media_type_id`, `user_id`, `body`, `filename`, `size`, `metadata`, `created_at`, `updated_at`) VALUES ('6', '6', '6', 'Amet voluptatibus atque fugiat modi. Molestias voluptas quis laborum ipsa molestias natus blanditiis nostrum. Laboriosam asperiores ipsum eos rem qui consequatur sed. Quasi sint ipsam velit commodi repellendus aliquam.', 'iusto', 0, NULL, '1992-12-30 06:56:59', '1979-05-13 07:06:39');
INSERT INTO `media` (`id`, `media_type_id`, `user_id`, `body`, `filename`, `size`, `metadata`, `created_at`, `updated_at`) VALUES ('7', '7', '7', 'Quae eos dolor reprehenderit est dicta repellat. Aut est hic magni itaque exercitationem et veritatis. Ipsam eum explicabo et iusto totam hic. Et est nemo sunt sed omnis est.', 'voluptatem', 994972665, NULL, '1993-07-04 01:34:25', '2013-02-22 12:46:16');
INSERT INTO `media` (`id`, `media_type_id`, `user_id`, `body`, `filename`, `size`, `metadata`, `created_at`, `updated_at`) VALUES ('8', '8', '8', 'Tenetur totam culpa reprehenderit autem qui quam quia. Dignissimos necessitatibus sed recusandae perspiciatis. Magni sit voluptatum a ad quibusdam debitis. Et et maiores sit inventore accusamus. Quod voluptas iure dicta excepturi distinctio qui.', 'rerum', 29394, NULL, '2018-04-03 17:19:18', '2019-01-07 16:21:13');
INSERT INTO `media` (`id`, `media_type_id`, `user_id`, `body`, `filename`, `size`, `metadata`, `created_at`, `updated_at`) VALUES ('9', '9', '9', 'Voluptas dolorem veritatis nesciunt reiciendis quia voluptatum omnis. Vel quis veniam autem sed unde. Sint blanditiis est quis ut.', 'et', 72974568, NULL, '1990-09-10 12:08:57', '2006-12-11 19:37:39');
INSERT INTO `media` (`id`, `media_type_id`, `user_id`, `body`, `filename`, `size`, `metadata`, `created_at`, `updated_at`) VALUES ('10', '10', '10', 'Aut accusamus velit est dolorum autem esse et delectus. Voluptas qui vel voluptatem voluptatem nihil laboriosam. Reiciendis sit sint qui libero architecto.', 'eum', 0, NULL, '1978-03-31 16:42:11', '2016-07-20 17:11:28');
INSERT INTO `media` (`id`, `media_type_id`, `user_id`, `body`, `filename`, `size`, `metadata`, `created_at`, `updated_at`) VALUES ('11', '11', '11', 'Sit non quis ut non. Qui quo est labore rerum et. Modi ducimus culpa et tenetur ut odio. Praesentium doloremque ab dolore autem eum fuga. Eos ex voluptatibus ad harum adipisci magni eos.', 'voluptate', 5987574, NULL, '1971-03-09 15:55:45', '2017-04-29 18:23:22');
INSERT INTO `media` (`id`, `media_type_id`, `user_id`, `body`, `filename`, `size`, `metadata`, `created_at`, `updated_at`) VALUES ('12', '12', '12', 'Officia quod et eos consequatur aspernatur repudiandae qui quo. Nihil molestiae dolorem et sit. Suscipit voluptatem provident voluptas vel velit dignissimos.', 'dolorum', 53362162, NULL, '1995-09-10 15:38:07', '1976-01-11 14:19:22');
INSERT INTO `media` (`id`, `media_type_id`, `user_id`, `body`, `filename`, `size`, `metadata`, `created_at`, `updated_at`) VALUES ('13', '13', '13', 'Odio voluptatem natus quia maxime sunt alias. Voluptas delectus commodi consequatur rem rerum maxime doloribus voluptas.', 'distinctio', 700, NULL, '1995-03-02 20:00:46', '2013-03-30 18:09:16');
INSERT INTO `media` (`id`, `media_type_id`, `user_id`, `body`, `filename`, `size`, `metadata`, `created_at`, `updated_at`) VALUES ('14', '14', '14', 'Et consequatur quis non sunt. Iusto nisi soluta omnis natus ea consectetur. Deleniti vitae atque fugiat magnam labore tenetur. Sunt deleniti aut libero possimus repudiandae sit ut. Veritatis reprehenderit velit quidem placeat facere.', 'nulla', 3547, NULL, '1985-08-27 16:25:12', '2002-01-19 18:32:25');
INSERT INTO `media` (`id`, `media_type_id`, `user_id`, `body`, `filename`, `size`, `metadata`, `created_at`, `updated_at`) VALUES ('15', '15', '15', 'Quo dolores non eveniet nam. Doloribus magni illo ut reprehenderit labore qui omnis est. Molestiae ratione occaecati architecto officia et temporibus.', 'dolor', 5055543, NULL, '1974-12-16 04:05:18', '1993-07-26 09:14:21');
INSERT INTO `media` (`id`, `media_type_id`, `user_id`, `body`, `filename`, `size`, `metadata`, `created_at`, `updated_at`) VALUES ('16', '16', '16', 'Dolorem dolores delectus voluptatem eum quia a. Nam itaque quod voluptate sint sit non culpa. Nostrum vel minima saepe et beatae.', 'laboriosam', 5099, NULL, '1981-09-02 14:51:10', '1997-09-19 09:56:55');
INSERT INTO `media` (`id`, `media_type_id`, `user_id`, `body`, `filename`, `size`, `metadata`, `created_at`, `updated_at`) VALUES ('17', '17', '17', 'Dolor omnis nam nam facere. Esse eos placeat ratione. Similique amet ratione velit ipsam inventore id dolor. Aperiam nemo consequatur vel.', 'eius', 54475, NULL, '1976-07-16 13:53:41', '1998-06-24 15:23:11');
INSERT INTO `media` (`id`, `media_type_id`, `user_id`, `body`, `filename`, `size`, `metadata`, `created_at`, `updated_at`) VALUES ('18', '18', '18', 'Quis ab quasi corrupti nostrum doloremque. A sunt expedita accusantium at et ipsa praesentium. Non omnis optio natus adipisci. Et eum rerum accusamus doloribus non nisi.', 'occaecati', 39445, NULL, '1983-09-14 14:21:01', '1981-09-23 06:21:13');
INSERT INTO `media` (`id`, `media_type_id`, `user_id`, `body`, `filename`, `size`, `metadata`, `created_at`, `updated_at`) VALUES ('19', '19', '19', 'Officiis reprehenderit velit quibusdam rerum reprehenderit ad ea fugiat. Quasi et corporis quam sunt sequi. Quae at expedita reprehenderit molestiae consequatur veritatis. Beatae alias sapiente magni voluptate aliquam est vel nobis.', 'iusto', 5117, NULL, '2006-08-23 04:40:14', '1985-12-16 13:59:03');
INSERT INTO `media` (`id`, `media_type_id`, `user_id`, `body`, `filename`, `size`, `metadata`, `created_at`, `updated_at`) VALUES ('20', '20', '20', 'Ea recusandae veniam enim modi et voluptatem est. Qui dolor iusto dolores officia. Explicabo quis possimus unde a ut excepturi. Est maxime voluptate nobis laboriosam sunt voluptatem.', 'sit', 3, NULL, '2008-09-26 10:46:31', '1980-01-27 01:11:51');
INSERT INTO `media` (`id`, `media_type_id`, `user_id`, `body`, `filename`, `size`, `metadata`, `created_at`, `updated_at`) VALUES ('21', '21', '21', 'Dolor ratione maiores sed quia nam et. Quo et facere vel sapiente. Asperiores voluptatibus pariatur minima voluptate adipisci tempora ipsam. Rerum ea non alias omnis adipisci est ipsa.', 'qui', 8, NULL, '2012-05-25 06:10:10', '2000-03-09 02:10:29');
INSERT INTO `media` (`id`, `media_type_id`, `user_id`, `body`, `filename`, `size`, `metadata`, `created_at`, `updated_at`) VALUES ('22', '22', '22', 'Placeat qui repellendus laboriosam quasi expedita distinctio aut ullam. Maxime sapiente tempora ut fugit itaque earum. Officiis optio provident praesentium repellendus dolores nobis quam. Ipsum blanditiis sunt velit ut. Ea enim dolor debitis dolores quas fugiat consequatur.', 'quod', 4672209, NULL, '1991-07-04 23:26:05', '2011-02-21 00:48:55');
INSERT INTO `media` (`id`, `media_type_id`, `user_id`, `body`, `filename`, `size`, `metadata`, `created_at`, `updated_at`) VALUES ('23', '23', '23', 'Et quae numquam praesentium quasi. Earum illum doloribus dolor quis porro ipsam dolor. Architecto voluptatem est qui ea a. Id est et et earum nobis excepturi.', 'vero', 5682, NULL, '1986-01-27 12:46:29', '1988-07-11 15:10:37');
INSERT INTO `media` (`id`, `media_type_id`, `user_id`, `body`, `filename`, `size`, `metadata`, `created_at`, `updated_at`) VALUES ('24', '24', '24', 'Magni debitis cumque dolorem nulla illum. Ut sint nesciunt est sit impedit qui eaque. Earum veritatis amet odit quae illum quia voluptas.', 'non', 4363057, NULL, '2019-12-22 21:21:43', '1992-06-03 07:57:02');
INSERT INTO `media` (`id`, `media_type_id`, `user_id`, `body`, `filename`, `size`, `metadata`, `created_at`, `updated_at`) VALUES ('25', '25', '25', 'Soluta dolores vel fugit in. Impedit impedit qui alias. Architecto provident asperiores id magnam omnis rem.', 'ea', 210531296, NULL, '2013-02-13 15:00:04', '1972-09-29 16:22:44');
INSERT INTO `media` (`id`, `media_type_id`, `user_id`, `body`, `filename`, `size`, `metadata`, `created_at`, `updated_at`) VALUES ('26', '26', '26', 'Saepe vel a culpa non. Pariatur ut velit voluptatem quisquam eos beatae. Sapiente fugit officia dolorem rem sit. Quidem minus dolor cumque quae non.', 'dolor', 3210305, NULL, '1987-08-27 07:04:20', '1992-01-16 20:04:24');
INSERT INTO `media` (`id`, `media_type_id`, `user_id`, `body`, `filename`, `size`, `metadata`, `created_at`, `updated_at`) VALUES ('27', '27', '27', 'Repellat quia assumenda libero sapiente. Libero inventore molestiae tempore expedita autem in. Similique officia nulla qui rerum cupiditate ut. Reprehenderit quia sequi laboriosam voluptas non illum. Commodi odit odit sit molestiae vero omnis.', 'ut', 22185, NULL, '1986-09-02 21:40:01', '1975-07-30 19:45:42');
INSERT INTO `media` (`id`, `media_type_id`, `user_id`, `body`, `filename`, `size`, `metadata`, `created_at`, `updated_at`) VALUES ('28', '28', '28', 'Quis libero sunt consectetur minus vitae quod a. Accusamus sed eos quod aspernatur eaque. Tempora tenetur autem et itaque itaque explicabo.', 'nihil', 421, NULL, '1988-10-18 10:31:27', '1991-05-11 02:24:14');
INSERT INTO `media` (`id`, `media_type_id`, `user_id`, `body`, `filename`, `size`, `metadata`, `created_at`, `updated_at`) VALUES ('29', '29', '29', 'Fugit sapiente sed vitae molestiae et iusto aut voluptas. Voluptatibus consequatur molestiae amet exercitationem deleniti autem quis. Iure reiciendis aut minus quas deleniti consequatur beatae. Ex quis omnis aliquam tempora.', 'rerum', 465549624, NULL, '2000-10-30 23:13:12', '1986-08-06 14:34:31');
INSERT INTO `media` (`id`, `media_type_id`, `user_id`, `body`, `filename`, `size`, `metadata`, `created_at`, `updated_at`) VALUES ('30', '30', '30', 'In facere ut tempora quod alias soluta nobis rem. Omnis nemo laudantium dolorum perferendis vel. Perspiciatis et error sit autem iure et laborum. At asperiores vel itaque corporis.', 'debitis', 4974216, NULL, '1972-03-15 11:18:48', '1977-09-01 11:59:58');
INSERT INTO `media` (`id`, `media_type_id`, `user_id`, `body`, `filename`, `size`, `metadata`, `created_at`, `updated_at`) VALUES ('31', '31', '31', 'Accusantium nam blanditiis aut est. Ex est consectetur nobis consequatur modi. Et eaque a et ut. Et excepturi voluptatem molestias dignissimos unde.', 'repellendus', 320, NULL, '1979-05-12 22:00:52', '2009-07-11 02:11:47');
INSERT INTO `media` (`id`, `media_type_id`, `user_id`, `body`, `filename`, `size`, `metadata`, `created_at`, `updated_at`) VALUES ('32', '32', '32', 'Dolorum consequatur odio sed numquam. Repudiandae labore voluptatum eaque. Officia repudiandae qui necessitatibus quisquam sapiente non iure illum.', 'delectus', 25875427, NULL, '1998-02-04 17:02:31', '1992-05-31 01:32:11');
INSERT INTO `media` (`id`, `media_type_id`, `user_id`, `body`, `filename`, `size`, `metadata`, `created_at`, `updated_at`) VALUES ('33', '33', '33', 'Similique odit iusto qui. Nostrum impedit animi ut necessitatibus quis fuga. Eos assumenda laborum tenetur sed voluptatem consequatur. Consectetur ab earum deleniti qui magni. Officiis aperiam velit sit consectetur sed labore laborum.', 'enim', 6669, NULL, '2000-12-17 08:51:16', '2008-05-15 02:47:44');
INSERT INTO `media` (`id`, `media_type_id`, `user_id`, `body`, `filename`, `size`, `metadata`, `created_at`, `updated_at`) VALUES ('34', '34', '34', 'Optio ipsam eos facilis sed. Hic maiores incidunt accusamus omnis.', 'vero', 6756585, NULL, '2001-10-23 02:17:03', '1979-10-29 21:16:09');
INSERT INTO `media` (`id`, `media_type_id`, `user_id`, `body`, `filename`, `size`, `metadata`, `created_at`, `updated_at`) VALUES ('35', '35', '35', 'Est molestiae provident est et nihil id autem. Itaque eligendi amet magni rerum. Autem blanditiis iusto rerum qui est harum voluptatem dolorem. Est vitae optio at non velit.', 'id', 1003682, NULL, '1970-09-20 01:09:35', '1988-05-08 12:18:26');
INSERT INTO `media` (`id`, `media_type_id`, `user_id`, `body`, `filename`, `size`, `metadata`, `created_at`, `updated_at`) VALUES ('36', '36', '36', 'Magnam sequi doloribus excepturi quia. Quis culpa reprehenderit soluta vel qui blanditiis explicabo sunt. Aut quia dolor omnis doloremque soluta ipsa aperiam.', 'laudantium', 96173, NULL, '2004-03-14 20:05:21', '1975-06-05 12:06:14');
INSERT INTO `media` (`id`, `media_type_id`, `user_id`, `body`, `filename`, `size`, `metadata`, `created_at`, `updated_at`) VALUES ('37', '37', '37', 'Quas aut quia voluptatem maiores et et voluptatum blanditiis. Suscipit sunt beatae velit aspernatur aut ipsum quod quos. Dicta ut pariatur eaque dolor odio blanditiis. Dolor et et amet eos autem.', 'et', 5789088, NULL, '1978-06-24 07:09:26', '1976-04-14 13:08:39');
INSERT INTO `media` (`id`, `media_type_id`, `user_id`, `body`, `filename`, `size`, `metadata`, `created_at`, `updated_at`) VALUES ('38', '38', '38', 'Quas quis dolor incidunt minus. Assumenda neque et suscipit sequi. Accusantium amet qui quae veritatis amet exercitationem voluptatem. Reprehenderit voluptate et consequuntur voluptatem qui enim delectus minima. Ullam sit consectetur unde.', 'consequatur', 625766845, NULL, '1979-05-09 04:28:14', '2013-09-11 04:25:56');
INSERT INTO `media` (`id`, `media_type_id`, `user_id`, `body`, `filename`, `size`, `metadata`, `created_at`, `updated_at`) VALUES ('39', '39', '39', 'Soluta ullam itaque voluptates error harum quasi repudiandae. Autem fugiat quasi itaque optio. Fugiat ipsa nemo excepturi voluptatum tempore magnam.', 'corporis', 785271, NULL, '1983-09-09 19:16:38', '2015-05-21 06:04:47');
INSERT INTO `media` (`id`, `media_type_id`, `user_id`, `body`, `filename`, `size`, `metadata`, `created_at`, `updated_at`) VALUES ('40', '40', '40', 'Assumenda dolore libero commodi sed. Sunt et laudantium porro enim aliquam. A quia nemo vel et quia rerum totam. Quia consequuntur dolorem nesciunt in magni ex.', 'iste', 23922, NULL, '1995-09-04 21:59:02', '2000-01-09 14:59:57');
INSERT INTO `media` (`id`, `media_type_id`, `user_id`, `body`, `filename`, `size`, `metadata`, `created_at`, `updated_at`) VALUES ('41', '41', '41', 'Quaerat ea quas rerum rerum incidunt rem molestiae magnam. Veniam et ab quis laudantium. Aut odio quod et qui omnis. Odio laboriosam ipsam beatae veritatis.', 'ipsum', 168, NULL, '1978-06-10 06:31:28', '1975-07-01 07:55:06');
INSERT INTO `media` (`id`, `media_type_id`, `user_id`, `body`, `filename`, `size`, `metadata`, `created_at`, `updated_at`) VALUES ('42', '42', '42', 'Neque dolorum commodi autem saepe facilis assumenda eos est. Tempora distinctio qui officiis labore sed et. Autem perferendis qui earum ipsam recusandae. Qui dolorem ut est omnis minus ex.', 'sapiente', 306417, NULL, '1998-05-15 03:56:35', '1995-06-02 13:07:03');
INSERT INTO `media` (`id`, `media_type_id`, `user_id`, `body`, `filename`, `size`, `metadata`, `created_at`, `updated_at`) VALUES ('43', '43', '43', 'Qui iusto voluptas veniam nobis molestiae enim nihil. Veritatis nihil quae aliquid error dolorem. Accusamus rerum debitis nisi facilis.', 'quae', 404, NULL, '2007-03-18 08:03:09', '1995-02-21 06:38:31');
INSERT INTO `media` (`id`, `media_type_id`, `user_id`, `body`, `filename`, `size`, `metadata`, `created_at`, `updated_at`) VALUES ('44', '44', '44', 'Voluptatem est dolore et consequatur vel perspiciatis quae. Assumenda veritatis sapiente harum. Modi et excepturi natus doloribus dolor. Quia nam quia voluptatum sed iusto.', 'ut', 998521472, NULL, '2007-10-24 10:43:00', '2019-12-08 01:32:28');
INSERT INTO `media` (`id`, `media_type_id`, `user_id`, `body`, `filename`, `size`, `metadata`, `created_at`, `updated_at`) VALUES ('45', '45', '45', 'Nisi facilis rerum quia id sint aut. Natus facere quo culpa commodi laboriosam qui. Sit voluptas assumenda atque dolores voluptas. Consequuntur illo quod aut totam assumenda dignissimos. Omnis beatae et perferendis voluptatem sed.', 'quos', 0, NULL, '2014-10-18 21:23:45', '2007-09-18 11:41:30');
INSERT INTO `media` (`id`, `media_type_id`, `user_id`, `body`, `filename`, `size`, `metadata`, `created_at`, `updated_at`) VALUES ('46', '46', '46', 'Modi iusto sint repellendus delectus fugiat maxime consequatur. Omnis sit consequuntur fugit nesciunt. Quaerat quam sunt id incidunt aperiam. Eum esse et iusto quasi ut iure doloremque.', 'deserunt', 727315, NULL, '1997-11-18 04:40:13', '1987-01-22 02:16:43');
INSERT INTO `media` (`id`, `media_type_id`, `user_id`, `body`, `filename`, `size`, `metadata`, `created_at`, `updated_at`) VALUES ('47', '47', '47', 'Sit sint veniam tempore deleniti ipsam ut. Neque laboriosam numquam doloremque aspernatur adipisci asperiores officiis. Sed rerum non maiores voluptates molestiae quisquam.', 'inventore', 85590, NULL, '1989-03-01 16:45:41', '1976-11-15 21:51:41');
INSERT INTO `media` (`id`, `media_type_id`, `user_id`, `body`, `filename`, `size`, `metadata`, `created_at`, `updated_at`) VALUES ('48', '48', '48', 'Recusandae saepe aspernatur non ducimus dolore et. Dolores et explicabo ex. Autem sit voluptatem ad dolorem illum sunt. Quisquam modi quam non est doloribus quia eveniet.', 'iste', 78862, NULL, '1999-08-25 21:48:43', '1992-03-01 06:15:01');
INSERT INTO `media` (`id`, `media_type_id`, `user_id`, `body`, `filename`, `size`, `metadata`, `created_at`, `updated_at`) VALUES ('49', '49', '49', 'Et assumenda hic libero aliquam facilis accusantium. Ut soluta eveniet ducimus quos quod minima. Dolores nobis dolor qui nulla.', 'eos', 16766877, NULL, '1982-05-05 01:58:12', '2009-08-31 07:43:53');
INSERT INTO `media` (`id`, `media_type_id`, `user_id`, `body`, `filename`, `size`, `metadata`, `created_at`, `updated_at`) VALUES ('50', '50', '50', 'Sunt doloremque error sit. Cupiditate quos non labore. Autem et expedita aut.', 'quae', 0, NULL, '2006-09-29 20:15:46', '2012-05-31 08:48:13');
INSERT INTO `media` (`id`, `media_type_id`, `user_id`, `body`, `filename`, `size`, `metadata`, `created_at`, `updated_at`) VALUES ('51', '51', '51', 'Doloribus dolores voluptatum voluptate aut ut at omnis. Voluptatum aut voluptas error cumque. Natus eius totam iusto maiores quia id et ipsum. Enim perferendis vel occaecati quo rerum optio ut.', 'ducimus', 491366, NULL, '2006-09-07 14:34:26', '1971-04-09 13:13:53');
INSERT INTO `media` (`id`, `media_type_id`, `user_id`, `body`, `filename`, `size`, `metadata`, `created_at`, `updated_at`) VALUES ('52', '52', '52', 'Et velit qui aspernatur autem et sint iure. Soluta ea modi qui sapiente sint esse. Perspiciatis fugit sunt non ipsa. Et in cum reiciendis.', 'repudiandae', 117, NULL, '1991-05-06 07:50:15', '2015-12-26 22:13:33');
INSERT INTO `media` (`id`, `media_type_id`, `user_id`, `body`, `filename`, `size`, `metadata`, `created_at`, `updated_at`) VALUES ('53', '53', '53', 'Sequi ut totam impedit. Ea corrupti fuga architecto fuga aut. Assumenda sit non nihil rerum. Vel ut atque asperiores quia ipsum qui.', 'eius', 26128, NULL, '2018-01-13 00:07:18', '2006-01-01 23:45:37');
INSERT INTO `media` (`id`, `media_type_id`, `user_id`, `body`, `filename`, `size`, `metadata`, `created_at`, `updated_at`) VALUES ('54', '54', '54', 'Quibusdam reprehenderit dolorem et qui ipsum. Possimus enim sequi nisi eius ad. Voluptatem impedit molestiae et dolor minus ex.', 'ea', 1, NULL, '1970-01-26 05:36:20', '1977-05-07 20:47:18');
INSERT INTO `media` (`id`, `media_type_id`, `user_id`, `body`, `filename`, `size`, `metadata`, `created_at`, `updated_at`) VALUES ('55', '55', '55', 'Corrupti qui reprehenderit voluptatibus voluptas qui in impedit. Ab et numquam asperiores consequatur est necessitatibus nihil ratione. Harum ipsam autem ut laudantium possimus rem.', 'ullam', 6560340, NULL, '2017-09-05 09:29:59', '2017-06-03 15:31:25');
INSERT INTO `media` (`id`, `media_type_id`, `user_id`, `body`, `filename`, `size`, `metadata`, `created_at`, `updated_at`) VALUES ('56', '56', '56', 'Quia aut omnis incidunt saepe est. Eaque est aut sint cumque repellendus. Veniam et aspernatur id ad voluptatibus modi officia dolorem.', 'laboriosam', 354910349, NULL, '1983-04-09 08:56:20', '1976-03-10 06:01:28');
INSERT INTO `media` (`id`, `media_type_id`, `user_id`, `body`, `filename`, `size`, `metadata`, `created_at`, `updated_at`) VALUES ('57', '57', '57', 'Numquam voluptate porro reiciendis optio sit. Non non non reiciendis nam. Ea voluptatem ea quidem omnis non eius necessitatibus nobis. Repellendus totam rem voluptas dignissimos iste ea consequuntur.', 'maiores', 59, NULL, '2000-02-17 14:04:36', '1997-02-18 17:11:42');
INSERT INTO `media` (`id`, `media_type_id`, `user_id`, `body`, `filename`, `size`, `metadata`, `created_at`, `updated_at`) VALUES ('58', '58', '58', 'Hic voluptatem delectus veritatis libero deserunt error esse. Aut veniam quod qui. Sed nihil non enim perferendis necessitatibus est ad quidem.', 'maxime', 3, NULL, '2018-12-23 19:49:55', '1972-05-01 08:28:13');
INSERT INTO `media` (`id`, `media_type_id`, `user_id`, `body`, `filename`, `size`, `metadata`, `created_at`, `updated_at`) VALUES ('59', '59', '59', 'Provident sint et illum libero et. Repellendus qui dolores et omnis voluptates beatae voluptate. Aut ab et quas sed facilis officiis. Excepturi vero sequi ut.', 'aut', 53823, NULL, '1974-12-18 16:18:29', '1973-05-23 23:49:31');
INSERT INTO `media` (`id`, `media_type_id`, `user_id`, `body`, `filename`, `size`, `metadata`, `created_at`, `updated_at`) VALUES ('60', '60', '60', 'Earum aspernatur mollitia qui molestiae dignissimos. Odio a omnis et voluptatum quos. Fuga qui molestiae totam.', 'illo', 4978, NULL, '1999-07-01 08:50:19', '1993-05-28 17:57:08');
INSERT INTO `media` (`id`, `media_type_id`, `user_id`, `body`, `filename`, `size`, `metadata`, `created_at`, `updated_at`) VALUES ('61', '61', '61', 'Ut quia voluptas et voluptas a commodi corporis. Aut aut et cum qui aut dolores.', 'rerum', 4, NULL, '2003-03-08 21:39:21', '2016-05-06 19:04:57');
INSERT INTO `media` (`id`, `media_type_id`, `user_id`, `body`, `filename`, `size`, `metadata`, `created_at`, `updated_at`) VALUES ('62', '62', '62', 'Beatae recusandae non qui sit harum sed. Ratione sint ipsam rerum cupiditate inventore qui amet. Dolorem velit est vel ipsa consequatur ipsam inventore quo.', 'ut', 1262676, NULL, '1994-03-29 07:46:39', '2017-11-22 07:45:03');
INSERT INTO `media` (`id`, `media_type_id`, `user_id`, `body`, `filename`, `size`, `metadata`, `created_at`, `updated_at`) VALUES ('63', '63', '63', 'Labore et illo fuga eius cum. Voluptatem amet esse at vel. Assumenda voluptatibus voluptatibus impedit. Numquam quidem laudantium nemo consequatur libero ipsum.', 'ipsa', 813899, NULL, '1983-05-08 01:24:45', '1976-12-01 18:40:00');
INSERT INTO `media` (`id`, `media_type_id`, `user_id`, `body`, `filename`, `size`, `metadata`, `created_at`, `updated_at`) VALUES ('64', '64', '64', 'Sapiente recusandae ipsa nesciunt quibusdam culpa. Nobis dolorum ut doloribus deleniti qui est. Molestias ipsam nam fuga quis distinctio ducimus ex.', 'doloribus', 7875, NULL, '1971-06-04 11:55:05', '2015-03-01 06:49:43');
INSERT INTO `media` (`id`, `media_type_id`, `user_id`, `body`, `filename`, `size`, `metadata`, `created_at`, `updated_at`) VALUES ('65', '65', '65', 'Eaque tenetur velit et culpa ut. Voluptatem quisquam officiis consequuntur cupiditate. Omnis ut laboriosam a tempora hic repellendus. Nobis distinctio in voluptatibus rerum suscipit omnis labore ea.', 'est', 2877, NULL, '1996-06-15 00:54:29', '2003-08-13 23:12:35');
INSERT INTO `media` (`id`, `media_type_id`, `user_id`, `body`, `filename`, `size`, `metadata`, `created_at`, `updated_at`) VALUES ('66', '66', '66', 'Iusto numquam qui temporibus enim. Perspiciatis quod consectetur velit omnis eos doloribus sit alias. Perferendis nihil voluptatem molestias voluptas delectus natus cupiditate. Et quia ducimus quidem quia soluta.', 'ut', 73, NULL, '1973-08-03 04:44:49', '2012-03-30 18:14:09');
INSERT INTO `media` (`id`, `media_type_id`, `user_id`, `body`, `filename`, `size`, `metadata`, `created_at`, `updated_at`) VALUES ('67', '67', '67', 'Fuga molestias aliquid nulla magnam. Corrupti amet reiciendis vel eligendi ut aliquid. Alias et nulla dolorem sequi quas.', 'et', 580648772, NULL, '2014-06-17 06:36:45', '1983-07-24 17:11:25');
INSERT INTO `media` (`id`, `media_type_id`, `user_id`, `body`, `filename`, `size`, `metadata`, `created_at`, `updated_at`) VALUES ('68', '68', '68', 'Et iure error odit. Rerum ducimus fugit omnis qui omnis.', 'repudiandae', 50661, NULL, '1990-09-18 09:33:07', '2016-08-01 21:16:27');
INSERT INTO `media` (`id`, `media_type_id`, `user_id`, `body`, `filename`, `size`, `metadata`, `created_at`, `updated_at`) VALUES ('69', '69', '69', 'Delectus eum incidunt quod et et eaque est. Voluptates ipsum numquam qui itaque ut vel nam. Et ut sed unde.', 'ipsa', 18, NULL, '2015-04-24 20:41:05', '1988-06-18 17:57:18');
INSERT INTO `media` (`id`, `media_type_id`, `user_id`, `body`, `filename`, `size`, `metadata`, `created_at`, `updated_at`) VALUES ('70', '70', '70', 'Laborum non et eum magni quidem. Doloremque voluptatem incidunt voluptatum sint sunt. Molestias cum sit mollitia deserunt.', 'quaerat', 7106, NULL, '2006-01-28 23:52:17', '2002-03-16 18:16:43');
INSERT INTO `media` (`id`, `media_type_id`, `user_id`, `body`, `filename`, `size`, `metadata`, `created_at`, `updated_at`) VALUES ('71', '71', '71', 'Corporis error voluptates repudiandae similique numquam dolorem voluptatem repellat. At fuga dolor quaerat. Quis ex illum sed voluptatem ut dolorum.', 'illum', 88729, NULL, '2002-05-31 16:27:46', '1976-07-11 12:04:57');
INSERT INTO `media` (`id`, `media_type_id`, `user_id`, `body`, `filename`, `size`, `metadata`, `created_at`, `updated_at`) VALUES ('72', '72', '72', 'Accusamus et ipsam eligendi hic eveniet minus soluta dolor. Nihil est harum dolores placeat molestias doloremque et repudiandae. Quis quo est velit aut.', 'enim', 93, NULL, '2011-12-10 07:58:45', '2009-12-22 20:16:09');
INSERT INTO `media` (`id`, `media_type_id`, `user_id`, `body`, `filename`, `size`, `metadata`, `created_at`, `updated_at`) VALUES ('73', '73', '73', 'Tenetur non illo incidunt. Est ad voluptatem alias. Tempora laudantium ipsam eum qui enim error.', 'explicabo', 91191, NULL, '2006-11-14 11:15:54', '1991-09-18 16:05:48');
INSERT INTO `media` (`id`, `media_type_id`, `user_id`, `body`, `filename`, `size`, `metadata`, `created_at`, `updated_at`) VALUES ('74', '74', '74', 'Cum velit non et mollitia non sit. Quisquam officiis quibusdam voluptas sit nisi quibusdam. Sunt nesciunt iste quo. Molestiae qui reprehenderit optio nulla fugiat ullam.', 'illum', 2175, NULL, '1983-03-24 09:13:18', '1990-07-12 14:13:58');
INSERT INTO `media` (`id`, `media_type_id`, `user_id`, `body`, `filename`, `size`, `metadata`, `created_at`, `updated_at`) VALUES ('75', '75', '75', 'Esse ab dolores ullam nam quia. Qui repellendus velit quo a dolorem. Et quidem doloremque ut sit quibusdam distinctio quos. Neque explicabo odit et sint asperiores tempora laboriosam.', 'repudiandae', 384807321, NULL, '2001-10-26 22:21:29', '1988-11-27 17:47:54');
INSERT INTO `media` (`id`, `media_type_id`, `user_id`, `body`, `filename`, `size`, `metadata`, `created_at`, `updated_at`) VALUES ('76', '76', '76', 'Culpa et animi culpa. Beatae et id quam.', 'porro', 5, NULL, '2008-02-05 07:46:12', '1978-07-29 08:16:51');
INSERT INTO `media` (`id`, `media_type_id`, `user_id`, `body`, `filename`, `size`, `metadata`, `created_at`, `updated_at`) VALUES ('77', '77', '77', 'Error qui nihil error quia dolores fuga labore esse. Laboriosam quos qui ex recusandae laboriosam. Et labore et sed voluptatibus asperiores.', 'ea', 6, NULL, '1971-07-27 23:45:50', '2012-05-06 04:43:18');
INSERT INTO `media` (`id`, `media_type_id`, `user_id`, `body`, `filename`, `size`, `metadata`, `created_at`, `updated_at`) VALUES ('78', '78', '78', 'Et iste voluptatibus eligendi et non ipsam animi. Iure enim nesciunt et minima. Iusto consequatur commodi tempore dolores repellat.', 'nulla', 5803, NULL, '1972-07-13 12:21:45', '1999-07-16 15:04:00');
INSERT INTO `media` (`id`, `media_type_id`, `user_id`, `body`, `filename`, `size`, `metadata`, `created_at`, `updated_at`) VALUES ('79', '79', '79', 'Quo dolores aliquam laborum aut labore deleniti culpa. Sapiente occaecati pariatur necessitatibus necessitatibus corporis non asperiores. Sed nesciunt vel nam enim et dolorem rerum. Qui tenetur omnis incidunt.', 'molestias', 9231, NULL, '2012-01-06 10:21:23', '2015-07-13 22:12:09');
INSERT INTO `media` (`id`, `media_type_id`, `user_id`, `body`, `filename`, `size`, `metadata`, `created_at`, `updated_at`) VALUES ('80', '80', '80', 'Pariatur delectus mollitia nihil quidem. Vel quia pariatur dolor minus.', 'debitis', 88805538, NULL, '1975-03-04 15:45:00', '1982-03-13 09:52:54');
INSERT INTO `media` (`id`, `media_type_id`, `user_id`, `body`, `filename`, `size`, `metadata`, `created_at`, `updated_at`) VALUES ('81', '81', '81', 'Consectetur nesciunt sit corporis ipsum omnis voluptatem. Accusantium cumque dolorum iusto aut sequi eos eaque. Aliquam sunt omnis reiciendis dolorum itaque. Quia labore numquam dicta accusamus qui dolores provident. Ad in sed iure sint molestias atque.', 'repellendus', 86887051, NULL, '1996-05-26 05:33:00', '1994-10-01 09:10:34');
INSERT INTO `media` (`id`, `media_type_id`, `user_id`, `body`, `filename`, `size`, `metadata`, `created_at`, `updated_at`) VALUES ('82', '82', '82', 'Laudantium enim maiores corrupti ullam. Quis placeat et a molestiae aspernatur.', 'assumenda', 98315873, NULL, '1992-01-25 04:39:47', '2004-09-19 18:38:51');
INSERT INTO `media` (`id`, `media_type_id`, `user_id`, `body`, `filename`, `size`, `metadata`, `created_at`, `updated_at`) VALUES ('83', '83', '83', 'Ex et esse non quae. Sunt ipsa et assumenda reprehenderit qui. Praesentium ad vel eligendi. Facere maxime recusandae sunt soluta.', 'consectetur', 437, NULL, '1978-08-29 18:12:55', '2002-03-18 05:49:38');
INSERT INTO `media` (`id`, `media_type_id`, `user_id`, `body`, `filename`, `size`, `metadata`, `created_at`, `updated_at`) VALUES ('84', '84', '84', 'Quibusdam corporis quod eos dolor molestias. Vitae magni delectus ipsa delectus voluptate sint. Omnis facilis sapiente omnis et ducimus.', 'nostrum', 57034, NULL, '2019-02-21 15:30:11', '1971-05-06 01:47:23');
INSERT INTO `media` (`id`, `media_type_id`, `user_id`, `body`, `filename`, `size`, `metadata`, `created_at`, `updated_at`) VALUES ('85', '85', '85', 'Aut dolor qui et beatae et. Beatae aut quasi nihil. Occaecati eos temporibus et qui unde eum.', 'et', 760296, NULL, '1978-02-15 05:02:49', '1972-06-03 03:45:31');
INSERT INTO `media` (`id`, `media_type_id`, `user_id`, `body`, `filename`, `size`, `metadata`, `created_at`, `updated_at`) VALUES ('86', '86', '86', 'Qui doloremque aspernatur sit officia. Doloribus laboriosam nihil molestiae sint porro. Aperiam hic sit suscipit illo mollitia id. Ea culpa expedita quam itaque quia aliquid.', 'sit', 28358, NULL, '1994-04-02 16:45:28', '1989-07-02 20:26:50');
INSERT INTO `media` (`id`, `media_type_id`, `user_id`, `body`, `filename`, `size`, `metadata`, `created_at`, `updated_at`) VALUES ('87', '87', '87', 'Alias unde totam aliquid fugit libero. Sunt sit praesentium cupiditate alias.', 'cupiditate', 0, NULL, '1970-12-11 14:05:12', '1988-10-03 14:08:10');
INSERT INTO `media` (`id`, `media_type_id`, `user_id`, `body`, `filename`, `size`, `metadata`, `created_at`, `updated_at`) VALUES ('88', '88', '88', 'Expedita qui sit illum ab corporis. In neque officiis rem eos minima accusamus. Nostrum ullam voluptas mollitia aut dolor id. Ut molestias voluptates incidunt consequatur est.', 'quae', 52, NULL, '1975-05-11 19:37:33', '2005-12-10 14:01:46');
INSERT INTO `media` (`id`, `media_type_id`, `user_id`, `body`, `filename`, `size`, `metadata`, `created_at`, `updated_at`) VALUES ('89', '89', '89', 'Et reiciendis sunt facilis qui. Ratione ipsam rem voluptatem ut quis expedita. Libero sed qui at dolor.', 'delectus', 0, NULL, '1977-12-30 01:09:13', '2019-04-06 21:57:10');
INSERT INTO `media` (`id`, `media_type_id`, `user_id`, `body`, `filename`, `size`, `metadata`, `created_at`, `updated_at`) VALUES ('90', '90', '90', 'Nisi dolor eius officia odit est sint aut. Consectetur labore voluptas nesciunt dignissimos. Occaecati mollitia eveniet minus nihil ratione minima.', 'id', 0, NULL, '1990-09-01 13:32:17', '1977-02-14 19:11:58');
INSERT INTO `media` (`id`, `media_type_id`, `user_id`, `body`, `filename`, `size`, `metadata`, `created_at`, `updated_at`) VALUES ('91', '91', '91', 'Quas velit molestiae similique quibusdam. Harum recusandae alias dolor excepturi. Earum qui accusantium fuga.', 'repudiandae', 6, NULL, '1986-10-20 19:52:38', '1974-06-13 13:48:16');
INSERT INTO `media` (`id`, `media_type_id`, `user_id`, `body`, `filename`, `size`, `metadata`, `created_at`, `updated_at`) VALUES ('92', '92', '92', 'Omnis suscipit et odit voluptatem accusamus in. Explicabo accusamus excepturi ut praesentium maxime. Omnis ipsam deserunt dolorum tenetur in rerum placeat. Culpa odio qui ipsa sunt aut.', 'quis', 930776834, NULL, '2018-05-01 06:18:53', '1978-03-19 11:18:59');
INSERT INTO `media` (`id`, `media_type_id`, `user_id`, `body`, `filename`, `size`, `metadata`, `created_at`, `updated_at`) VALUES ('93', '93', '93', 'Asperiores nulla harum excepturi alias. Rerum eum et at. Non sit doloribus repellendus odit nulla dolorum. Ut doloribus est ad.', 'ad', 3, NULL, '2006-11-20 00:48:37', '2000-09-23 17:54:02');
INSERT INTO `media` (`id`, `media_type_id`, `user_id`, `body`, `filename`, `size`, `metadata`, `created_at`, `updated_at`) VALUES ('94', '94', '94', 'Quia laborum fuga sunt quae rerum molestiae. Modi ea doloribus odit fuga. Repellat dolore distinctio aperiam. Dicta sit totam tempora odio dolores rerum sit modi.', 'voluptatum', 760714, NULL, '1994-06-28 21:00:08', '2016-07-04 18:22:08');
INSERT INTO `media` (`id`, `media_type_id`, `user_id`, `body`, `filename`, `size`, `metadata`, `created_at`, `updated_at`) VALUES ('95', '95', '95', 'Rem quidem molestiae tempora laborum necessitatibus esse. Optio ea maxime rerum nostrum ut. Perferendis atque odit iusto voluptatem maiores ipsa quia. Rem voluptatibus et sed cupiditate porro.', 'rerum', 4816, NULL, '2002-12-05 20:05:57', '2007-11-28 01:04:44');
INSERT INTO `media` (`id`, `media_type_id`, `user_id`, `body`, `filename`, `size`, `metadata`, `created_at`, `updated_at`) VALUES ('96', '96', '96', 'Eius tempore iure autem. Unde incidunt rem impedit doloribus necessitatibus doloribus minus. Dicta assumenda ut error qui sit aliquid laudantium.', 'eos', 4, NULL, '1998-11-13 14:53:38', '2019-01-01 09:49:40');
INSERT INTO `media` (`id`, `media_type_id`, `user_id`, `body`, `filename`, `size`, `metadata`, `created_at`, `updated_at`) VALUES ('97', '97', '97', 'Non accusamus nulla voluptates est perferendis sed eum. Cumque iste in dolores est commodi. Consequatur facere quia repellat aspernatur enim corporis.', 'deserunt', 5238911, NULL, '2013-03-17 11:21:12', '2003-11-28 16:23:40');
INSERT INTO `media` (`id`, `media_type_id`, `user_id`, `body`, `filename`, `size`, `metadata`, `created_at`, `updated_at`) VALUES ('98', '98', '98', 'Voluptatibus reiciendis aliquid incidunt incidunt id a harum. Qui animi esse voluptatibus omnis mollitia voluptatibus. Voluptatem eius nihil recusandae sed. Numquam similique labore provident est est sunt dolor.', 'quo', 8709697, NULL, '1992-11-24 01:12:50', '1993-01-25 23:18:37');
INSERT INTO `media` (`id`, `media_type_id`, `user_id`, `body`, `filename`, `size`, `metadata`, `created_at`, `updated_at`) VALUES ('99', '99', '99', 'Adipisci animi autem eos. Soluta dolores dolorem fugit ipsa sint. Sit est quaerat aliquid qui eos.', 'beatae', 908597090, NULL, '1988-05-26 19:26:59', '1994-10-27 19:39:49');
INSERT INTO `media` (`id`, `media_type_id`, `user_id`, `body`, `filename`, `size`, `metadata`, `created_at`, `updated_at`) VALUES ('100', '100', '100', 'Voluptatum facilis nihil necessitatibus. Officia non aut inventore et aliquam voluptatum dolor. In et optio sit et dolores sequi omnis.', 'dignissimos', 25, NULL, '1996-08-12 21:18:56', '2004-04-21 22:33:11');


#
# TABLE STRUCTURE FOR: likes
#

INSERT INTO `likes` (`id`, `user_id`, `media_id`, `created_at`) VALUES ('1', '1', '1', '2018-12-26 19:17:08');
INSERT INTO `likes` (`id`, `user_id`, `media_id`, `created_at`) VALUES ('2', '2', '2', '1986-03-04 13:20:55');
INSERT INTO `likes` (`id`, `user_id`, `media_id`, `created_at`) VALUES ('3', '3', '3', '1976-02-11 20:50:28');
INSERT INTO `likes` (`id`, `user_id`, `media_id`, `created_at`) VALUES ('4', '4', '4', '1994-08-10 12:41:20');
INSERT INTO `likes` (`id`, `user_id`, `media_id`, `created_at`) VALUES ('5', '5', '5', '1972-07-14 21:59:11');
INSERT INTO `likes` (`id`, `user_id`, `media_id`, `created_at`) VALUES ('6', '6', '6', '1974-04-19 15:57:55');
INSERT INTO `likes` (`id`, `user_id`, `media_id`, `created_at`) VALUES ('7', '7', '7', '1988-10-16 18:29:48');
INSERT INTO `likes` (`id`, `user_id`, `media_id`, `created_at`) VALUES ('8', '8', '8', '2003-08-23 16:49:22');
INSERT INTO `likes` (`id`, `user_id`, `media_id`, `created_at`) VALUES ('9', '9', '9', '2007-10-28 11:44:09');
INSERT INTO `likes` (`id`, `user_id`, `media_id`, `created_at`) VALUES ('10', '10', '10', '1998-02-28 05:22:18');
INSERT INTO `likes` (`id`, `user_id`, `media_id`, `created_at`) VALUES ('11', '11', '11', '2003-04-14 13:46:33');
INSERT INTO `likes` (`id`, `user_id`, `media_id`, `created_at`) VALUES ('12', '12', '12', '1978-08-21 05:57:54');
INSERT INTO `likes` (`id`, `user_id`, `media_id`, `created_at`) VALUES ('13', '13', '13', '1970-08-26 13:03:54');
INSERT INTO `likes` (`id`, `user_id`, `media_id`, `created_at`) VALUES ('14', '14', '14', '1982-10-01 01:34:28');
INSERT INTO `likes` (`id`, `user_id`, `media_id`, `created_at`) VALUES ('15', '15', '15', '2001-08-24 22:55:51');
INSERT INTO `likes` (`id`, `user_id`, `media_id`, `created_at`) VALUES ('16', '16', '16', '1991-10-25 06:38:07');
INSERT INTO `likes` (`id`, `user_id`, `media_id`, `created_at`) VALUES ('17', '17', '17', '2018-07-18 04:09:49');
INSERT INTO `likes` (`id`, `user_id`, `media_id`, `created_at`) VALUES ('18', '18', '18', '1981-12-21 12:21:40');
INSERT INTO `likes` (`id`, `user_id`, `media_id`, `created_at`) VALUES ('19', '19', '19', '1993-06-28 23:58:51');
INSERT INTO `likes` (`id`, `user_id`, `media_id`, `created_at`) VALUES ('20', '20', '20', '2010-01-31 05:01:22');
INSERT INTO `likes` (`id`, `user_id`, `media_id`, `created_at`) VALUES ('21', '21', '21', '2018-10-29 04:19:11');
INSERT INTO `likes` (`id`, `user_id`, `media_id`, `created_at`) VALUES ('22', '22', '22', '1980-09-10 13:44:23');
INSERT INTO `likes` (`id`, `user_id`, `media_id`, `created_at`) VALUES ('23', '23', '23', '1997-12-04 21:23:21');
INSERT INTO `likes` (`id`, `user_id`, `media_id`, `created_at`) VALUES ('24', '24', '24', '1985-09-12 13:53:14');
INSERT INTO `likes` (`id`, `user_id`, `media_id`, `created_at`) VALUES ('25', '25', '25', '1992-03-22 07:03:21');
INSERT INTO `likes` (`id`, `user_id`, `media_id`, `created_at`) VALUES ('26', '26', '26', '1998-04-30 17:53:01');
INSERT INTO `likes` (`id`, `user_id`, `media_id`, `created_at`) VALUES ('27', '27', '27', '1971-11-22 16:58:44');
INSERT INTO `likes` (`id`, `user_id`, `media_id`, `created_at`) VALUES ('28', '28', '28', '1974-06-25 20:04:39');
INSERT INTO `likes` (`id`, `user_id`, `media_id`, `created_at`) VALUES ('29', '29', '29', '2012-11-05 12:41:25');
INSERT INTO `likes` (`id`, `user_id`, `media_id`, `created_at`) VALUES ('30', '30', '30', '2000-07-14 08:02:08');
INSERT INTO `likes` (`id`, `user_id`, `media_id`, `created_at`) VALUES ('31', '31', '31', '2012-01-24 23:03:47');
INSERT INTO `likes` (`id`, `user_id`, `media_id`, `created_at`) VALUES ('32', '32', '32', '1991-07-04 04:30:21');
INSERT INTO `likes` (`id`, `user_id`, `media_id`, `created_at`) VALUES ('33', '33', '33', '1993-11-23 03:59:24');
INSERT INTO `likes` (`id`, `user_id`, `media_id`, `created_at`) VALUES ('34', '34', '34', '1986-01-22 20:39:59');
INSERT INTO `likes` (`id`, `user_id`, `media_id`, `created_at`) VALUES ('35', '35', '35', '2007-06-13 11:35:06');
INSERT INTO `likes` (`id`, `user_id`, `media_id`, `created_at`) VALUES ('36', '36', '36', '2010-12-21 02:06:14');
INSERT INTO `likes` (`id`, `user_id`, `media_id`, `created_at`) VALUES ('37', '37', '37', '1973-05-06 09:42:59');
INSERT INTO `likes` (`id`, `user_id`, `media_id`, `created_at`) VALUES ('38', '38', '38', '2018-11-20 14:59:24');
INSERT INTO `likes` (`id`, `user_id`, `media_id`, `created_at`) VALUES ('39', '39', '39', '2010-03-02 16:39:54');
INSERT INTO `likes` (`id`, `user_id`, `media_id`, `created_at`) VALUES ('40', '40', '40', '2009-01-25 22:23:36');
INSERT INTO `likes` (`id`, `user_id`, `media_id`, `created_at`) VALUES ('41', '41', '41', '1974-07-31 20:50:52');
INSERT INTO `likes` (`id`, `user_id`, `media_id`, `created_at`) VALUES ('42', '42', '42', '1971-05-19 19:02:37');
INSERT INTO `likes` (`id`, `user_id`, `media_id`, `created_at`) VALUES ('43', '43', '43', '1990-05-05 00:56:32');
INSERT INTO `likes` (`id`, `user_id`, `media_id`, `created_at`) VALUES ('44', '44', '44', '1994-05-31 07:47:47');
INSERT INTO `likes` (`id`, `user_id`, `media_id`, `created_at`) VALUES ('45', '45', '45', '2012-09-08 10:23:54');
INSERT INTO `likes` (`id`, `user_id`, `media_id`, `created_at`) VALUES ('46', '46', '46', '2000-10-02 08:58:09');
INSERT INTO `likes` (`id`, `user_id`, `media_id`, `created_at`) VALUES ('47', '47', '47', '2009-07-12 14:08:37');
INSERT INTO `likes` (`id`, `user_id`, `media_id`, `created_at`) VALUES ('48', '48', '48', '2019-05-20 09:15:59');
INSERT INTO `likes` (`id`, `user_id`, `media_id`, `created_at`) VALUES ('49', '49', '49', '1984-01-16 12:18:30');
INSERT INTO `likes` (`id`, `user_id`, `media_id`, `created_at`) VALUES ('50', '50', '50', '1978-01-10 16:35:50');
INSERT INTO `likes` (`id`, `user_id`, `media_id`, `created_at`) VALUES ('51', '51', '51', '2014-07-05 21:04:55');
INSERT INTO `likes` (`id`, `user_id`, `media_id`, `created_at`) VALUES ('52', '52', '52', '2015-06-21 16:00:13');
INSERT INTO `likes` (`id`, `user_id`, `media_id`, `created_at`) VALUES ('53', '53', '53', '1981-12-03 18:55:21');
INSERT INTO `likes` (`id`, `user_id`, `media_id`, `created_at`) VALUES ('54', '54', '54', '2004-11-02 20:09:56');
INSERT INTO `likes` (`id`, `user_id`, `media_id`, `created_at`) VALUES ('55', '55', '55', '1982-12-26 14:48:45');
INSERT INTO `likes` (`id`, `user_id`, `media_id`, `created_at`) VALUES ('56', '56', '56', '1988-08-30 13:25:29');
INSERT INTO `likes` (`id`, `user_id`, `media_id`, `created_at`) VALUES ('57', '57', '57', '2014-05-13 12:09:25');
INSERT INTO `likes` (`id`, `user_id`, `media_id`, `created_at`) VALUES ('58', '58', '58', '2010-03-31 22:04:21');
INSERT INTO `likes` (`id`, `user_id`, `media_id`, `created_at`) VALUES ('59', '59', '59', '1973-01-25 18:20:42');
INSERT INTO `likes` (`id`, `user_id`, `media_id`, `created_at`) VALUES ('60', '60', '60', '2011-12-03 15:18:11');
INSERT INTO `likes` (`id`, `user_id`, `media_id`, `created_at`) VALUES ('61', '61', '61', '1975-08-31 05:53:16');
INSERT INTO `likes` (`id`, `user_id`, `media_id`, `created_at`) VALUES ('62', '62', '62', '1979-08-01 03:44:30');
INSERT INTO `likes` (`id`, `user_id`, `media_id`, `created_at`) VALUES ('63', '63', '63', '1981-12-08 23:07:03');
INSERT INTO `likes` (`id`, `user_id`, `media_id`, `created_at`) VALUES ('64', '64', '64', '1997-12-15 08:25:12');
INSERT INTO `likes` (`id`, `user_id`, `media_id`, `created_at`) VALUES ('65', '65', '65', '1972-03-19 21:22:07');
INSERT INTO `likes` (`id`, `user_id`, `media_id`, `created_at`) VALUES ('66', '66', '66', '2020-02-13 04:52:43');
INSERT INTO `likes` (`id`, `user_id`, `media_id`, `created_at`) VALUES ('67', '67', '67', '1972-04-11 22:27:42');
INSERT INTO `likes` (`id`, `user_id`, `media_id`, `created_at`) VALUES ('68', '68', '68', '1978-02-08 00:04:16');
INSERT INTO `likes` (`id`, `user_id`, `media_id`, `created_at`) VALUES ('69', '69', '69', '1976-07-03 15:27:19');
INSERT INTO `likes` (`id`, `user_id`, `media_id`, `created_at`) VALUES ('70', '70', '70', '1981-05-13 21:01:47');
INSERT INTO `likes` (`id`, `user_id`, `media_id`, `created_at`) VALUES ('71', '71', '71', '2014-01-01 14:53:35');
INSERT INTO `likes` (`id`, `user_id`, `media_id`, `created_at`) VALUES ('72', '72', '72', '2018-12-22 01:16:20');
INSERT INTO `likes` (`id`, `user_id`, `media_id`, `created_at`) VALUES ('73', '73', '73', '1989-01-24 19:37:08');
INSERT INTO `likes` (`id`, `user_id`, `media_id`, `created_at`) VALUES ('74', '74', '74', '1976-07-01 10:28:32');
INSERT INTO `likes` (`id`, `user_id`, `media_id`, `created_at`) VALUES ('75', '75', '75', '1989-07-06 13:34:06');
INSERT INTO `likes` (`id`, `user_id`, `media_id`, `created_at`) VALUES ('76', '76', '76', '1992-05-03 04:55:16');
INSERT INTO `likes` (`id`, `user_id`, `media_id`, `created_at`) VALUES ('77', '77', '77', '1983-09-24 07:48:46');
INSERT INTO `likes` (`id`, `user_id`, `media_id`, `created_at`) VALUES ('78', '78', '78', '2018-02-08 09:47:44');
INSERT INTO `likes` (`id`, `user_id`, `media_id`, `created_at`) VALUES ('79', '79', '79', '1981-03-22 20:18:17');
INSERT INTO `likes` (`id`, `user_id`, `media_id`, `created_at`) VALUES ('80', '80', '80', '1985-02-24 12:19:01');
INSERT INTO `likes` (`id`, `user_id`, `media_id`, `created_at`) VALUES ('81', '81', '81', '2012-03-16 17:26:44');
INSERT INTO `likes` (`id`, `user_id`, `media_id`, `created_at`) VALUES ('82', '82', '82', '1987-05-16 02:48:31');
INSERT INTO `likes` (`id`, `user_id`, `media_id`, `created_at`) VALUES ('83', '83', '83', '2010-05-19 05:45:59');
INSERT INTO `likes` (`id`, `user_id`, `media_id`, `created_at`) VALUES ('84', '84', '84', '1973-07-09 01:20:29');
INSERT INTO `likes` (`id`, `user_id`, `media_id`, `created_at`) VALUES ('85', '85', '85', '1990-01-09 00:41:25');
INSERT INTO `likes` (`id`, `user_id`, `media_id`, `created_at`) VALUES ('86', '86', '86', '2007-11-28 05:57:51');
INSERT INTO `likes` (`id`, `user_id`, `media_id`, `created_at`) VALUES ('87', '87', '87', '2011-08-02 22:34:57');
INSERT INTO `likes` (`id`, `user_id`, `media_id`, `created_at`) VALUES ('88', '88', '88', '1981-08-02 22:59:58');
INSERT INTO `likes` (`id`, `user_id`, `media_id`, `created_at`) VALUES ('89', '89', '89', '1981-02-15 05:28:03');
INSERT INTO `likes` (`id`, `user_id`, `media_id`, `created_at`) VALUES ('90', '90', '90', '1979-09-11 13:50:05');
INSERT INTO `likes` (`id`, `user_id`, `media_id`, `created_at`) VALUES ('91', '91', '91', '1983-08-05 17:22:51');
INSERT INTO `likes` (`id`, `user_id`, `media_id`, `created_at`) VALUES ('92', '92', '92', '1998-06-26 18:10:30');
INSERT INTO `likes` (`id`, `user_id`, `media_id`, `created_at`) VALUES ('93', '93', '93', '1995-01-03 19:07:31');
INSERT INTO `likes` (`id`, `user_id`, `media_id`, `created_at`) VALUES ('94', '94', '94', '1974-10-29 17:21:56');
INSERT INTO `likes` (`id`, `user_id`, `media_id`, `created_at`) VALUES ('95', '95', '95', '2013-01-23 05:13:13');
INSERT INTO `likes` (`id`, `user_id`, `media_id`, `created_at`) VALUES ('96', '96', '96', '2007-01-17 06:41:47');
INSERT INTO `likes` (`id`, `user_id`, `media_id`, `created_at`) VALUES ('97', '97', '97', '1989-05-12 21:38:09');
INSERT INTO `likes` (`id`, `user_id`, `media_id`, `created_at`) VALUES ('98', '98', '98', '2015-02-20 05:21:31');
INSERT INTO `likes` (`id`, `user_id`, `media_id`, `created_at`) VALUES ('99', '99', '99', '1983-07-06 04:02:56');
INSERT INTO `likes` (`id`, `user_id`, `media_id`, `created_at`) VALUES ('100', '100', '100', '1977-07-31 13:04:52');






#
# TABLE STRUCTURE FOR: messages
#

INSERT INTO `messages` (`id`, `from_user_id`, `to_user_id`, `body`, `created_at`) VALUES ('1', '1', '1', 'Minima eos fugiat soluta. Distinctio quasi esse ullam minima. Voluptas eos voluptas nemo nihil similique quis asperiores enim. Nihil perspiciatis deserunt ea id corrupti eos molestias.', '2019-06-14 05:48:08');
INSERT INTO `messages` (`id`, `from_user_id`, `to_user_id`, `body`, `created_at`) VALUES ('2', '2', '2', 'Praesentium molestias dolorem dolores molestias ut inventore. Est beatae repellendus consequatur odit non in a. Quia sapiente dolorem omnis reiciendis quidem.', '1995-04-23 06:03:27');
INSERT INTO `messages` (`id`, `from_user_id`, `to_user_id`, `body`, `created_at`) VALUES ('3', '3', '3', 'Molestiae distinctio et ratione sequi ipsum. Totam consequuntur velit architecto illo odit asperiores odit. Consectetur iure ut veritatis modi modi aliquid.', '2001-12-28 04:21:55');
INSERT INTO `messages` (`id`, `from_user_id`, `to_user_id`, `body`, `created_at`) VALUES ('4', '4', '4', 'Voluptates facere non exercitationem sed aut nulla omnis. Soluta non quae facere earum autem enim sit sit. Neque saepe laudantium fugit error quia.', '2007-09-20 06:06:23');
INSERT INTO `messages` (`id`, `from_user_id`, `to_user_id`, `body`, `created_at`) VALUES ('5', '5', '5', 'In est ut aut ut sequi. Aliquid veritatis accusantium nesciunt autem nobis et quo autem.', '2015-01-08 13:18:22');
INSERT INTO `messages` (`id`, `from_user_id`, `to_user_id`, `body`, `created_at`) VALUES ('6', '6', '6', 'Quasi quia quo ut. Voluptatem maxime qui iure rerum et quia corrupti. Ut quas amet ad numquam fugiat vel et ut. Atque sint vel est.', '1971-07-11 02:08:34');
INSERT INTO `messages` (`id`, `from_user_id`, `to_user_id`, `body`, `created_at`) VALUES ('7', '7', '7', 'Sed esse aut rem ea quia. Aliquam quos dolorum voluptatem fugiat voluptatibus sequi quod deserunt. Accusamus ipsa id doloribus error rem dolores vel. Cum voluptatem soluta cumque. Reprehenderit facere itaque voluptatibus placeat et facilis.', '1976-07-04 15:33:06');
INSERT INTO `messages` (`id`, `from_user_id`, `to_user_id`, `body`, `created_at`) VALUES ('8', '8', '8', 'Ut repudiandae eos reiciendis quaerat aut similique tenetur. Quo eaque quisquam necessitatibus reprehenderit. Quae similique et facere beatae aut quidem eveniet.', '1989-09-11 10:58:02');
INSERT INTO `messages` (`id`, `from_user_id`, `to_user_id`, `body`, `created_at`) VALUES ('9', '9', '9', 'Non est rem aspernatur tenetur aliquid veniam dolorem ut. Consequatur aut vel fugiat dolores. Tempore maxime aut id aspernatur. Omnis ab voluptatem modi eum quia. Ratione nemo vel quo blanditiis dolorem quasi dolor.', '1995-02-09 03:33:53');
INSERT INTO `messages` (`id`, `from_user_id`, `to_user_id`, `body`, `created_at`) VALUES ('10', '10', '10', 'Et voluptate ab perspiciatis atque. Rem nulla esse rerum ducimus. Rerum nobis inventore laudantium atque dolore nulla quod sed. Ratione non sequi optio aliquam necessitatibus.', '1992-10-21 02:44:16');
INSERT INTO `messages` (`id`, `from_user_id`, `to_user_id`, `body`, `created_at`) VALUES ('11', '11', '11', 'Aut veniam at soluta quos veniam. Tempore saepe magnam quia numquam magnam nemo. Esse velit quo non et aspernatur eos esse. Et laboriosam blanditiis in molestiae omnis corporis.', '2006-06-15 04:42:03');
INSERT INTO `messages` (`id`, `from_user_id`, `to_user_id`, `body`, `created_at`) VALUES ('12', '12', '12', 'Est ipsa sed et vel sunt quisquam. Facilis vel aut ratione perferendis veniam magni debitis. Ad quos ducimus beatae numquam nisi.', '1996-05-08 05:57:51');
INSERT INTO `messages` (`id`, `from_user_id`, `to_user_id`, `body`, `created_at`) VALUES ('13', '13', '13', 'Delectus aut quibusdam ut in quia. Et voluptatibus ut sunt debitis doloribus sit hic. Vel et et voluptates. Eum et consequatur sit sit et odio.', '1983-04-18 03:44:21');
INSERT INTO `messages` (`id`, `from_user_id`, `to_user_id`, `body`, `created_at`) VALUES ('14', '14', '14', 'Ea sapiente consequuntur et quam placeat cumque. Temporibus pariatur excepturi maiores maiores ad vel magni. Eos dolorem sit corporis distinctio eaque cum molestias. Exercitationem amet eligendi distinctio quis quas. Quam dolorum qui ut voluptatum dolores et.', '1996-09-08 03:59:08');
INSERT INTO `messages` (`id`, `from_user_id`, `to_user_id`, `body`, `created_at`) VALUES ('15', '15', '15', 'Doloremque quia est fugit pariatur nam quibusdam quam. Fuga culpa excepturi officiis alias eligendi. Aliquid iste ut eos nemo.', '1970-06-23 16:48:32');
INSERT INTO `messages` (`id`, `from_user_id`, `to_user_id`, `body`, `created_at`) VALUES ('16', '16', '16', 'Et ipsum distinctio doloribus. Inventore omnis non et dolor eos sunt incidunt. Non debitis dolores maxime sequi ut distinctio cumque.', '1999-04-25 15:38:19');
INSERT INTO `messages` (`id`, `from_user_id`, `to_user_id`, `body`, `created_at`) VALUES ('17', '17', '17', 'Esse veritatis corporis similique dolorem sed voluptas. Neque dolore vel quo veritatis facilis sint. Corporis in ut et excepturi a provident quibusdam ipsam. Quo aut soluta doloribus ut veniam est voluptas.', '1982-06-16 07:04:55');
INSERT INTO `messages` (`id`, `from_user_id`, `to_user_id`, `body`, `created_at`) VALUES ('18', '18', '18', 'Nobis veritatis nihil expedita sit consequatur numquam velit est. Porro dolores porro architecto delectus quidem. Sequi est nostrum cumque illum repellat ex corporis. Non quo minus officiis sed voluptatem aperiam doloribus.', '1988-12-28 17:34:16');
INSERT INTO `messages` (`id`, `from_user_id`, `to_user_id`, `body`, `created_at`) VALUES ('19', '19', '19', 'Et maiores consequatur voluptatibus eligendi culpa qui sapiente laudantium. Quisquam hic nisi voluptas et molestiae. Non maxime porro ut est.', '1985-02-18 20:05:45');
INSERT INTO `messages` (`id`, `from_user_id`, `to_user_id`, `body`, `created_at`) VALUES ('20', '20', '20', 'Occaecati velit quia consequuntur officiis quia nobis a sit. Ea rerum non provident et unde et repellat. Placeat repellat consequuntur praesentium sit.', '1992-07-28 17:48:27');
INSERT INTO `messages` (`id`, `from_user_id`, `to_user_id`, `body`, `created_at`) VALUES ('21', '21', '21', 'Animi unde sint possimus delectus impedit labore. Labore inventore velit id. Enim explicabo et maxime alias velit laudantium in. Nulla placeat sed aliquam odit nihil.', '2016-10-16 13:42:47');
INSERT INTO `messages` (`id`, `from_user_id`, `to_user_id`, `body`, `created_at`) VALUES ('22', '22', '22', 'Ut quia voluptatem placeat odio. Voluptatem sit fugit quidem aspernatur aspernatur natus. Consequatur quod aut magnam incidunt alias facilis veritatis.', '2002-10-28 17:05:50');
INSERT INTO `messages` (`id`, `from_user_id`, `to_user_id`, `body`, `created_at`) VALUES ('23', '23', '23', 'Ut illo voluptas qui aliquid. Et molestiae enim natus aperiam et. Iusto corrupti sapiente possimus numquam amet consectetur. Eum dignissimos ipsa porro odit.', '1970-12-16 01:38:34');
INSERT INTO `messages` (`id`, `from_user_id`, `to_user_id`, `body`, `created_at`) VALUES ('24', '24', '24', 'Quod recusandae aut beatae sit rerum. Aut doloremque dolores vel temporibus nulla. Iste asperiores minima qui nulla. Quia nobis totam qui sint.', '2003-12-21 04:23:25');
INSERT INTO `messages` (`id`, `from_user_id`, `to_user_id`, `body`, `created_at`) VALUES ('25', '25', '25', 'Vero iure aut quia. Libero occaecati sed distinctio quia aut suscipit at. Aliquam molestiae in modi.', '2012-08-12 15:45:30');
INSERT INTO `messages` (`id`, `from_user_id`, `to_user_id`, `body`, `created_at`) VALUES ('26', '26', '26', 'Neque et ut error molestiae quas soluta necessitatibus. Ipsa praesentium rem culpa pariatur ea. Minima quisquam a ad est minus qui.', '2019-12-05 13:20:50');
INSERT INTO `messages` (`id`, `from_user_id`, `to_user_id`, `body`, `created_at`) VALUES ('27', '27', '27', 'Natus magnam consequatur sed beatae dolorem iusto. Quos natus non dicta consequatur mollitia sapiente qui molestiae. Placeat cupiditate tempore sit minima omnis non.', '2004-11-21 10:11:02');
INSERT INTO `messages` (`id`, `from_user_id`, `to_user_id`, `body`, `created_at`) VALUES ('28', '28', '28', 'Nihil ea quam sunt repudiandae alias sunt ipsum. Neque deleniti molestiae quibusdam dicta labore et repellendus. Voluptatem impedit eveniet consequatur sit. Nostrum distinctio fuga quis.', '1975-05-13 17:38:40');
INSERT INTO `messages` (`id`, `from_user_id`, `to_user_id`, `body`, `created_at`) VALUES ('29', '29', '29', 'Qui molestiae sed facere hic voluptatem. Doloremque sapiente quod non culpa ut. Laudantium reprehenderit excepturi fugit. Harum eos repellat inventore vero qui omnis.', '2014-05-17 17:37:48');
INSERT INTO `messages` (`id`, `from_user_id`, `to_user_id`, `body`, `created_at`) VALUES ('30', '30', '30', 'Dolor facilis officia aut minus veritatis cum. Dicta numquam vero et.', '1981-10-05 11:30:01');
INSERT INTO `messages` (`id`, `from_user_id`, `to_user_id`, `body`, `created_at`) VALUES ('31', '31', '31', 'Assumenda rerum eius quis velit. Dicta explicabo non velit distinctio molestiae veritatis. Excepturi facilis nihil doloremque enim nobis.', '2010-12-21 17:20:30');
INSERT INTO `messages` (`id`, `from_user_id`, `to_user_id`, `body`, `created_at`) VALUES ('32', '32', '32', 'Labore labore excepturi voluptatum veniam voluptatum dolor veritatis. Aperiam et possimus nemo laudantium soluta sit. Ut inventore quaerat expedita provident aut tempora.', '2002-09-15 23:53:45');
INSERT INTO `messages` (`id`, `from_user_id`, `to_user_id`, `body`, `created_at`) VALUES ('33', '33', '33', 'Quod doloribus et occaecati rerum et quia. Voluptas est quia dolorem dolor suscipit.', '1985-11-19 09:42:10');
INSERT INTO `messages` (`id`, `from_user_id`, `to_user_id`, `body`, `created_at`) VALUES ('34', '34', '34', 'Nisi earum a aut sit eligendi sequi. Veritatis libero amet debitis totam tenetur rem qui doloribus. Praesentium quo facilis nihil omnis totam. Quia quo impedit est corporis in.', '1980-02-13 20:06:59');
INSERT INTO `messages` (`id`, `from_user_id`, `to_user_id`, `body`, `created_at`) VALUES ('35', '35', '35', 'Dolores quia cumque officiis harum vitae rerum. Quam sunt cum doloremque quia sint accusamus harum.', '1995-06-01 22:04:17');
INSERT INTO `messages` (`id`, `from_user_id`, `to_user_id`, `body`, `created_at`) VALUES ('36', '36', '36', 'Quae animi praesentium magni voluptates facilis. Omnis natus necessitatibus deserunt est dolorem. Quisquam iure sapiente non saepe. Accusamus mollitia eos itaque voluptatem.', '2015-01-30 15:41:41');
INSERT INTO `messages` (`id`, `from_user_id`, `to_user_id`, `body`, `created_at`) VALUES ('37', '37', '37', 'Quasi dolor vel mollitia est sed harum numquam. Molestiae rem possimus qui vitae rerum nihil. Quos est eum et enim ut. Est sit vitae molestias dolorum et.', '2013-04-22 16:01:36');
INSERT INTO `messages` (`id`, `from_user_id`, `to_user_id`, `body`, `created_at`) VALUES ('38', '38', '38', 'Repellat consequatur nisi est eum. Velit repellat velit quia saepe ducimus voluptatem. Voluptatem quia nesciunt quas aut cupiditate eaque. Officia corporis incidunt quo autem sit voluptatibus occaecati.', '1996-03-11 17:48:00');
INSERT INTO `messages` (`id`, `from_user_id`, `to_user_id`, `body`, `created_at`) VALUES ('39', '39', '39', 'Et eligendi facere voluptas. Quia quod autem adipisci et aut mollitia cumque magni. Atque libero laboriosam dicta et magni voluptas aut. Est dolores sed iure esse accusantium rem ut.', '1998-12-31 23:34:30');
INSERT INTO `messages` (`id`, `from_user_id`, `to_user_id`, `body`, `created_at`) VALUES ('40', '40', '40', 'Possimus aut explicabo aliquid dicta velit adipisci. Sunt maiores voluptatibus aut vero placeat. Exercitationem labore qui vero inventore non. Et est quasi nesciunt possimus.', '1978-07-12 19:08:30');
INSERT INTO `messages` (`id`, `from_user_id`, `to_user_id`, `body`, `created_at`) VALUES ('41', '41', '41', 'Aliquid omnis veniam temporibus facilis fuga. Enim temporibus a qui voluptatibus culpa. Facilis repellat voluptatem numquam quisquam repudiandae aspernatur.', '2019-08-29 13:41:39');
INSERT INTO `messages` (`id`, `from_user_id`, `to_user_id`, `body`, `created_at`) VALUES ('42', '42', '42', 'Et tempora sint autem odit facilis. Est voluptas sit ut aperiam. Labore magni officia repellendus eligendi perferendis quasi. Reiciendis ut officiis repellendus aut quos.', '1985-10-30 03:24:02');
INSERT INTO `messages` (`id`, `from_user_id`, `to_user_id`, `body`, `created_at`) VALUES ('43', '43', '43', 'Perferendis molestias ea est dolor ad quia. Minima cumque aut est dolorem modi ducimus libero. Ratione reprehenderit et sed nihil quam. Omnis quas necessitatibus vero voluptatem qui vitae quia incidunt.', '1993-04-11 05:13:04');
INSERT INTO `messages` (`id`, `from_user_id`, `to_user_id`, `body`, `created_at`) VALUES ('44', '44', '44', 'Placeat aut reiciendis commodi. Odit sed fugit temporibus sed voluptate. Nobis quasi ut corrupti voluptatem sed commodi. Doloribus amet voluptas ut facilis amet est.', '2010-02-04 10:51:00');
INSERT INTO `messages` (`id`, `from_user_id`, `to_user_id`, `body`, `created_at`) VALUES ('45', '45', '45', 'Molestiae officia sed facilis incidunt. Perspiciatis repellat iusto quos. Consequatur laborum eum cumque aliquam eveniet id. Provident ipsum repellat nostrum sint deserunt est.', '2015-05-30 17:44:28');
INSERT INTO `messages` (`id`, `from_user_id`, `to_user_id`, `body`, `created_at`) VALUES ('46', '46', '46', 'Porro et inventore sequi laborum. Doloremque ipsa alias laudantium quo assumenda sit commodi.', '1977-09-10 04:42:51');
INSERT INTO `messages` (`id`, `from_user_id`, `to_user_id`, `body`, `created_at`) VALUES ('47', '47', '47', 'Est unde sunt reprehenderit delectus accusamus aliquam. Voluptatum non possimus explicabo ut. Repudiandae quas aperiam ducimus quia.', '1979-01-05 15:13:40');
INSERT INTO `messages` (`id`, `from_user_id`, `to_user_id`, `body`, `created_at`) VALUES ('48', '48', '48', 'Voluptate eos et adipisci molestiae libero sunt aspernatur. Labore asperiores aut est dolore voluptatem totam qui. Aut quidem perferendis necessitatibus qui dicta.', '1995-02-10 20:41:42');
INSERT INTO `messages` (`id`, `from_user_id`, `to_user_id`, `body`, `created_at`) VALUES ('49', '49', '49', 'Nobis dolorum qui delectus eaque doloribus modi soluta aut. Officia nisi harum ut et id totam. Aut et in animi. Aspernatur qui dignissimos illum. Officiis et explicabo sequi vel consequatur sed at.', '2013-07-06 01:07:30');
INSERT INTO `messages` (`id`, `from_user_id`, `to_user_id`, `body`, `created_at`) VALUES ('50', '50', '50', 'Perferendis praesentium provident nam quam quam inventore. Assumenda rem aut quia voluptatem. Corrupti vero sed iusto non. Nostrum eaque ut eos tempore veritatis.', '1970-06-23 10:15:18');
INSERT INTO `messages` (`id`, `from_user_id`, `to_user_id`, `body`, `created_at`) VALUES ('51', '51', '51', 'Sit perspiciatis ut asperiores blanditiis. Temporibus sunt aut et consequatur nisi.', '1991-01-27 20:12:21');
INSERT INTO `messages` (`id`, `from_user_id`, `to_user_id`, `body`, `created_at`) VALUES ('52', '52', '52', 'Et eum nesciunt qui eos facere. Id cum accusantium rem vel explicabo ullam corporis. Quia et quas vero aliquid accusamus aut natus. Magni voluptatem expedita voluptas sed cumque. Cumque qui quia aut autem qui sit.', '2002-05-24 06:35:23');
INSERT INTO `messages` (`id`, `from_user_id`, `to_user_id`, `body`, `created_at`) VALUES ('53', '53', '53', 'Culpa aliquid ipsum quia est accusamus sunt aut sit. Voluptas iure sapiente nam et explicabo iure. Cupiditate quo possimus exercitationem omnis magnam quae. Nihil rerum amet dolorum ducimus.', '2004-06-15 10:51:28');
INSERT INTO `messages` (`id`, `from_user_id`, `to_user_id`, `body`, `created_at`) VALUES ('54', '54', '54', 'Rerum incidunt quis ut similique voluptatem. Vero aperiam deserunt sunt pariatur eos eos laborum. Iusto non eos in autem nesciunt alias velit.', '2004-12-08 22:50:14');
INSERT INTO `messages` (`id`, `from_user_id`, `to_user_id`, `body`, `created_at`) VALUES ('55', '55', '55', 'Debitis et veritatis et ut quia quidem. Ex voluptas in officia quisquam quas. In ratione repudiandae eum totam. Quia id animi esse eos non aliquid.', '1988-07-21 13:46:12');
INSERT INTO `messages` (`id`, `from_user_id`, `to_user_id`, `body`, `created_at`) VALUES ('56', '56', '56', 'Sed qui dolor illo sunt. Et aut quae nesciunt ut rerum et. Quae ullam itaque at praesentium non ut temporibus. Quos fuga commodi totam ipsa sed saepe expedita fugit. Quis ut ut incidunt tenetur qui dolorum deserunt.', '1996-03-04 13:32:07');
INSERT INTO `messages` (`id`, `from_user_id`, `to_user_id`, `body`, `created_at`) VALUES ('57', '57', '57', 'Velit assumenda qui sed totam aut ex. Error necessitatibus consequatur culpa consequuntur. Facilis voluptates et fugit ea at. Eveniet eos aliquid commodi corporis quia culpa odio.', '1988-07-07 01:08:54');
INSERT INTO `messages` (`id`, `from_user_id`, `to_user_id`, `body`, `created_at`) VALUES ('58', '58', '58', 'Nostrum aut ipsum dolorum non corrupti ut. Delectus nemo ipsam est cum fugiat. Saepe et hic dolor nisi. Cupiditate ipsum animi est enim facere libero in.', '1993-11-26 09:55:18');
INSERT INTO `messages` (`id`, `from_user_id`, `to_user_id`, `body`, `created_at`) VALUES ('59', '59', '59', 'Porro explicabo quo id eius reiciendis error odio. Corporis omnis minus impedit dignissimos ut aut modi nostrum. Qui laborum eligendi sunt consequatur.', '1985-09-09 07:20:19');
INSERT INTO `messages` (`id`, `from_user_id`, `to_user_id`, `body`, `created_at`) VALUES ('60', '60', '60', 'Voluptatem dolor tenetur fugit aut. At molestiae adipisci quisquam officiis saepe quia omnis. Ut est cum repudiandae vitae repellat dolorum aut quasi. Veniam saepe numquam a corrupti.', '1998-12-29 22:59:05');
INSERT INTO `messages` (`id`, `from_user_id`, `to_user_id`, `body`, `created_at`) VALUES ('61', '61', '61', 'Sequi nihil odit sint facere. Reiciendis a ut cumque accusantium ut. Facere officiis saepe aut voluptatem. Id libero odit qui iste consectetur commodi ratione et.', '2006-11-07 20:39:12');
INSERT INTO `messages` (`id`, `from_user_id`, `to_user_id`, `body`, `created_at`) VALUES ('62', '62', '62', 'Animi et et iusto tenetur cumque totam. Quo sit perspiciatis rerum quis. Mollitia consequuntur perspiciatis sit dignissimos pariatur soluta. Et omnis itaque modi ad quia. Eligendi distinctio omnis totam tempora.', '1999-06-08 19:14:22');
INSERT INTO `messages` (`id`, `from_user_id`, `to_user_id`, `body`, `created_at`) VALUES ('63', '63', '63', 'Debitis sit illum et et voluptatem vel inventore qui. Aut et consectetur molestiae sunt voluptate delectus. Et eum rerum nam ipsum sapiente libero aliquid nemo. Et alias vitae iure in quo.', '2001-12-30 13:36:57');
INSERT INTO `messages` (`id`, `from_user_id`, `to_user_id`, `body`, `created_at`) VALUES ('64', '64', '64', 'Accusamus rerum quisquam ea voluptatem dolor provident. Qui eum autem perspiciatis magnam recusandae qui. Dolorem architecto sunt repellendus fugiat tenetur iure nesciunt. A aut expedita quaerat.', '1995-11-25 17:37:28');
INSERT INTO `messages` (`id`, `from_user_id`, `to_user_id`, `body`, `created_at`) VALUES ('65', '65', '65', 'Sit laudantium doloribus ut. Est eos laborum doloribus et dignissimos voluptate.', '1974-06-01 14:57:00');
INSERT INTO `messages` (`id`, `from_user_id`, `to_user_id`, `body`, `created_at`) VALUES ('66', '66', '66', 'Est aliquid aut cumque ut. Et totam est adipisci incidunt quam. Libero ipsa dolorem quis nisi. Qui unde at fugiat officiis aperiam voluptas eaque sit.', '1976-07-10 22:06:28');
INSERT INTO `messages` (`id`, `from_user_id`, `to_user_id`, `body`, `created_at`) VALUES ('67', '67', '67', 'Est ut quas perspiciatis rerum rem. Sint sunt beatae sapiente at explicabo ipsum. Aut et sed nesciunt eaque qui illum.', '1973-04-13 01:43:22');
INSERT INTO `messages` (`id`, `from_user_id`, `to_user_id`, `body`, `created_at`) VALUES ('68', '68', '68', 'Expedita eum excepturi eligendi non enim commodi et. Voluptatem quaerat officia id. Labore sint placeat corporis dolor optio libero. Minus beatae quos modi quae sunt.', '2007-11-09 16:55:57');
INSERT INTO `messages` (`id`, `from_user_id`, `to_user_id`, `body`, `created_at`) VALUES ('69', '69', '69', 'Velit at eos blanditiis. Consequatur aliquid consequatur distinctio quia vero omnis temporibus. Soluta et officiis consequatur. Fugiat amet at cum et blanditiis inventore. Quisquam quaerat occaecati voluptatem odit sed.', '1983-03-23 19:21:48');
INSERT INTO `messages` (`id`, `from_user_id`, `to_user_id`, `body`, `created_at`) VALUES ('70', '70', '70', 'Sapiente praesentium accusantium sed quo ratione. Nemo enim perspiciatis qui dolorum voluptates hic. Ipsa magni ex accusamus sit quam ea.', '1972-09-14 04:23:45');
INSERT INTO `messages` (`id`, `from_user_id`, `to_user_id`, `body`, `created_at`) VALUES ('71', '71', '71', 'Dolor beatae itaque iste ipsa rerum non culpa. Iure iure voluptate molestias temporibus. Et quos ut ea cupiditate error id.', '1977-03-01 10:51:01');
INSERT INTO `messages` (`id`, `from_user_id`, `to_user_id`, `body`, `created_at`) VALUES ('72', '72', '72', 'Eveniet id sed omnis dolorem iste sit est hic. Quis quisquam voluptatum illum corporis quis dignissimos. Molestiae consequatur quia laudantium quo. Id minus temporibus rerum nostrum qui qui quaerat.', '1975-10-28 23:15:21');
INSERT INTO `messages` (`id`, `from_user_id`, `to_user_id`, `body`, `created_at`) VALUES ('73', '73', '73', 'Quae molestiae voluptatem accusamus quibusdam dolor. Impedit dignissimos adipisci eius excepturi impedit.', '2007-12-07 06:06:37');
INSERT INTO `messages` (`id`, `from_user_id`, `to_user_id`, `body`, `created_at`) VALUES ('74', '74', '74', 'Voluptatem similique facere nihil dolorem tempore omnis. Dolorem voluptates hic occaecati ut. Quo et ut nihil deserunt. Voluptas reprehenderit illum id.', '1972-08-18 17:37:09');
INSERT INTO `messages` (`id`, `from_user_id`, `to_user_id`, `body`, `created_at`) VALUES ('75', '75', '75', 'Ut rerum facere velit eaque et. Facere dolorum nisi quas sit aliquid laborum. Aliquam praesentium nesciunt omnis suscipit autem voluptatem dolorem fuga.', '1998-08-29 07:15:41');
INSERT INTO `messages` (`id`, `from_user_id`, `to_user_id`, `body`, `created_at`) VALUES ('76', '76', '76', 'Veritatis id hic et nobis porro eos non quaerat. Optio harum sed sunt temporibus eligendi cumque. Rerum harum reprehenderit quam nulla. Facere error et quibusdam quasi dolor vel ipsa.', '2002-12-01 04:57:01');
INSERT INTO `messages` (`id`, `from_user_id`, `to_user_id`, `body`, `created_at`) VALUES ('77', '77', '77', 'Sapiente est quidem rerum magni voluptatem. Repellat alias alias dolore blanditiis. Eos quo alias autem. Maiores nihil qui in velit amet inventore est.', '2016-12-19 20:15:14');
INSERT INTO `messages` (`id`, `from_user_id`, `to_user_id`, `body`, `created_at`) VALUES ('78', '78', '78', 'Fugit adipisci distinctio ipsam. Saepe quia vel magni voluptatem ut qui sit. Aut animi ipsa dolorem. Ab enim ab aut nihil.', '1988-02-12 08:04:30');
INSERT INTO `messages` (`id`, `from_user_id`, `to_user_id`, `body`, `created_at`) VALUES ('79', '79', '79', 'Veritatis nihil non fugiat corrupti et. Excepturi quia et alias et eligendi quia. Odio veniam distinctio molestias et velit laboriosam. Nihil iste natus eum iste ipsum eos et.', '1986-02-09 02:43:00');
INSERT INTO `messages` (`id`, `from_user_id`, `to_user_id`, `body`, `created_at`) VALUES ('80', '80', '80', 'Reprehenderit quidem animi sed aut sint qui commodi. Nam a quasi repellat velit ex officia ullam. Suscipit id et aut numquam nostrum. Excepturi incidunt error illum.', '1988-05-31 21:51:17');
INSERT INTO `messages` (`id`, `from_user_id`, `to_user_id`, `body`, `created_at`) VALUES ('81', '81', '81', 'Odio voluptatem ut beatae aut ea soluta molestiae. Officia fuga dolorum numquam id ullam veritatis est. Voluptatem quis dolorum dolores eveniet.', '1992-05-25 00:34:22');
INSERT INTO `messages` (`id`, `from_user_id`, `to_user_id`, `body`, `created_at`) VALUES ('82', '82', '82', 'Culpa culpa deserunt repudiandae. Ea magnam eum neque et enim. Rerum totam dolorem fugiat qui. Facere magni officia porro in officia quia.', '1997-04-08 12:13:14');
INSERT INTO `messages` (`id`, `from_user_id`, `to_user_id`, `body`, `created_at`) VALUES ('83', '83', '83', 'Quia possimus aut ab est quas aut voluptas eos. Reiciendis ipsa nobis ab. Reiciendis quas qui sunt ut. Ad aut unde excepturi sit.', '1989-06-16 12:45:22');
INSERT INTO `messages` (`id`, `from_user_id`, `to_user_id`, `body`, `created_at`) VALUES ('84', '84', '84', 'Non tempore inventore itaque explicabo. Debitis repellat sint qui cumque et doloribus. Vel eaque est deleniti. A nulla ipsa consequatur.', '2008-03-18 13:51:34');
INSERT INTO `messages` (`id`, `from_user_id`, `to_user_id`, `body`, `created_at`) VALUES ('85', '85', '85', 'Omnis nihil architecto perspiciatis facere commodi. Voluptates omnis illum et quo iure. Quis corporis adipisci nihil veniam harum quod earum dolorum. Sint aut nam et quas animi necessitatibus aut.', '2006-01-07 11:08:39');
INSERT INTO `messages` (`id`, `from_user_id`, `to_user_id`, `body`, `created_at`) VALUES ('86', '86', '86', 'Qui est et voluptatem perferendis at explicabo omnis. Voluptas odio dolor a molestias minima. Nihil earum at neque illo consequatur eum. Assumenda dolores dolore et blanditiis beatae officiis quo ut.', '2014-09-06 11:02:04');
INSERT INTO `messages` (`id`, `from_user_id`, `to_user_id`, `body`, `created_at`) VALUES ('87', '87', '87', 'Labore asperiores libero rerum quae culpa. Laborum velit consequatur itaque. Qui quaerat voluptatem quo eum. Illum consequatur a nostrum voluptatibus facere neque.', '2001-05-12 01:21:19');
INSERT INTO `messages` (`id`, `from_user_id`, `to_user_id`, `body`, `created_at`) VALUES ('88', '88', '88', 'Omnis dicta laborum soluta. Quos aspernatur qui dolorum tenetur doloribus ut. Repellat eligendi minus omnis tempore ipsam unde molestiae. Aut aperiam quasi ea esse architecto quia veniam aut.', '1987-05-07 19:35:56');
INSERT INTO `messages` (`id`, `from_user_id`, `to_user_id`, `body`, `created_at`) VALUES ('89', '89', '89', 'Assumenda doloribus est laboriosam autem necessitatibus. Sit quis ipsum animi et laborum. Porro labore voluptas et.', '1970-09-06 22:26:55');
INSERT INTO `messages` (`id`, `from_user_id`, `to_user_id`, `body`, `created_at`) VALUES ('90', '90', '90', 'Est dolorem est quia enim omnis. Quo esse voluptas ipsum autem et vero facere. Aut maxime tenetur porro et impedit minima.', '2009-01-15 23:50:35');
INSERT INTO `messages` (`id`, `from_user_id`, `to_user_id`, `body`, `created_at`) VALUES ('91', '91', '91', 'Quisquam voluptas sapiente omnis autem et debitis rerum. Aperiam iste aut autem repudiandae rerum itaque. Sit et quas facere. Recusandae eligendi inventore omnis optio voluptatum quos.', '1993-03-15 07:27:30');
INSERT INTO `messages` (`id`, `from_user_id`, `to_user_id`, `body`, `created_at`) VALUES ('92', '92', '92', 'Quasi assumenda veniam voluptatem ducimus nam. Qui eos similique sint. Est cumque consequuntur adipisci laudantium quia quisquam nihil.', '1972-10-03 00:04:36');
INSERT INTO `messages` (`id`, `from_user_id`, `to_user_id`, `body`, `created_at`) VALUES ('93', '93', '93', 'Ut voluptas perspiciatis maxime quaerat quibusdam nesciunt. Magni dolorem ab quas quisquam. Impedit temporibus atque molestiae itaque quaerat inventore in. Molestias et quaerat ad sint.', '1984-03-22 20:34:02');
INSERT INTO `messages` (`id`, `from_user_id`, `to_user_id`, `body`, `created_at`) VALUES ('94', '94', '94', 'Accusantium quisquam consequatur omnis voluptatem. Ut commodi labore culpa tempore id. Eveniet cum neque dolor molestiae ipsam voluptate sunt.', '2012-10-11 06:11:01');
INSERT INTO `messages` (`id`, `from_user_id`, `to_user_id`, `body`, `created_at`) VALUES ('95', '95', '95', 'Sint vel et expedita reprehenderit velit et ducimus. Cum repellat quisquam modi necessitatibus et consequatur tempore.', '1994-04-22 13:36:55');
INSERT INTO `messages` (`id`, `from_user_id`, `to_user_id`, `body`, `created_at`) VALUES ('96', '96', '96', 'Eos id totam doloremque dolore magni. Autem non sed et consequatur cumque et in. Ea est dicta qui est aperiam ipsam rerum. Et reprehenderit sapiente est laboriosam et deserunt doloremque.', '1989-10-03 06:30:25');
INSERT INTO `messages` (`id`, `from_user_id`, `to_user_id`, `body`, `created_at`) VALUES ('97', '97', '97', 'Perferendis rerum velit ut ea quia. Magnam rerum iusto nisi fugit assumenda quo. Porro est modi et dolorem sequi et. Iste iste quia quis nesciunt.', '2011-10-24 08:49:59');
INSERT INTO `messages` (`id`, `from_user_id`, `to_user_id`, `body`, `created_at`) VALUES ('98', '98', '98', 'Quia occaecati eveniet porro ea. Soluta ex eveniet placeat et.', '1989-09-17 14:30:56');
INSERT INTO `messages` (`id`, `from_user_id`, `to_user_id`, `body`, `created_at`) VALUES ('99', '99', '99', 'Id est veritatis ea reiciendis sed. Odit dolorum adipisci dolorum rerum officia. Id voluptatem alias qui laborum in similique. Earum nulla voluptas nulla mollitia rerum.', '1996-09-02 07:42:52');
INSERT INTO `messages` (`id`, `from_user_id`, `to_user_id`, `body`, `created_at`) VALUES ('100', '100', '100', 'Consectetur amet distinctio minus sit ipsum. Optio nesciunt totam tenetur nemo explicabo fugiat. At aut quia dolor blanditiis vitae. At vel explicabo sunt sed eos ipsam dolorum.', '2015-05-19 19:42:00');


#
# TABLE STRUCTURE FOR: photo_albums
#

INSERT INTO `photo_albums` (`id`, `name`, `user_id`) VALUES ('1', 'voluptatem', '1');
INSERT INTO `photo_albums` (`id`, `name`, `user_id`) VALUES ('2', 'maiores', '2');
INSERT INTO `photo_albums` (`id`, `name`, `user_id`) VALUES ('3', 'magnam', '3');
INSERT INTO `photo_albums` (`id`, `name`, `user_id`) VALUES ('4', 'optio', '4');
INSERT INTO `photo_albums` (`id`, `name`, `user_id`) VALUES ('5', 'dolor', '5');
INSERT INTO `photo_albums` (`id`, `name`, `user_id`) VALUES ('6', 'at', '6');
INSERT INTO `photo_albums` (`id`, `name`, `user_id`) VALUES ('7', 'sit', '7');
INSERT INTO `photo_albums` (`id`, `name`, `user_id`) VALUES ('8', 'aut', '8');
INSERT INTO `photo_albums` (`id`, `name`, `user_id`) VALUES ('9', 'ipsam', '9');
INSERT INTO `photo_albums` (`id`, `name`, `user_id`) VALUES ('10', 'ipsa', '10');
INSERT INTO `photo_albums` (`id`, `name`, `user_id`) VALUES ('11', 'repellendus', '11');
INSERT INTO `photo_albums` (`id`, `name`, `user_id`) VALUES ('12', 'voluptas', '12');
INSERT INTO `photo_albums` (`id`, `name`, `user_id`) VALUES ('13', 'aspernatur', '13');
INSERT INTO `photo_albums` (`id`, `name`, `user_id`) VALUES ('14', 'aperiam', '14');
INSERT INTO `photo_albums` (`id`, `name`, `user_id`) VALUES ('15', 'iure', '15');
INSERT INTO `photo_albums` (`id`, `name`, `user_id`) VALUES ('16', 'officiis', '16');
INSERT INTO `photo_albums` (`id`, `name`, `user_id`) VALUES ('17', 'in', '17');
INSERT INTO `photo_albums` (`id`, `name`, `user_id`) VALUES ('18', 'magni', '18');
INSERT INTO `photo_albums` (`id`, `name`, `user_id`) VALUES ('19', 'molestiae', '19');
INSERT INTO `photo_albums` (`id`, `name`, `user_id`) VALUES ('20', 'aliquam', '20');
INSERT INTO `photo_albums` (`id`, `name`, `user_id`) VALUES ('21', 'voluptatibus', '21');
INSERT INTO `photo_albums` (`id`, `name`, `user_id`) VALUES ('22', 'voluptas', '22');
INSERT INTO `photo_albums` (`id`, `name`, `user_id`) VALUES ('23', 'repudiandae', '23');
INSERT INTO `photo_albums` (`id`, `name`, `user_id`) VALUES ('24', 'ut', '24');
INSERT INTO `photo_albums` (`id`, `name`, `user_id`) VALUES ('25', 'hic', '25');
INSERT INTO `photo_albums` (`id`, `name`, `user_id`) VALUES ('26', 'maxime', '26');
INSERT INTO `photo_albums` (`id`, `name`, `user_id`) VALUES ('27', 'harum', '27');
INSERT INTO `photo_albums` (`id`, `name`, `user_id`) VALUES ('28', 'at', '28');
INSERT INTO `photo_albums` (`id`, `name`, `user_id`) VALUES ('29', 'laboriosam', '29');
INSERT INTO `photo_albums` (`id`, `name`, `user_id`) VALUES ('30', 'omnis', '30');
INSERT INTO `photo_albums` (`id`, `name`, `user_id`) VALUES ('31', 'tenetur', '31');
INSERT INTO `photo_albums` (`id`, `name`, `user_id`) VALUES ('32', 'voluptas', '32');
INSERT INTO `photo_albums` (`id`, `name`, `user_id`) VALUES ('33', 'et', '33');
INSERT INTO `photo_albums` (`id`, `name`, `user_id`) VALUES ('34', 'optio', '34');
INSERT INTO `photo_albums` (`id`, `name`, `user_id`) VALUES ('35', 'et', '35');
INSERT INTO `photo_albums` (`id`, `name`, `user_id`) VALUES ('36', 'omnis', '36');
INSERT INTO `photo_albums` (`id`, `name`, `user_id`) VALUES ('37', 'aspernatur', '37');
INSERT INTO `photo_albums` (`id`, `name`, `user_id`) VALUES ('38', 'libero', '38');
INSERT INTO `photo_albums` (`id`, `name`, `user_id`) VALUES ('39', 'velit', '39');
INSERT INTO `photo_albums` (`id`, `name`, `user_id`) VALUES ('40', 'perspiciatis', '40');
INSERT INTO `photo_albums` (`id`, `name`, `user_id`) VALUES ('41', 'et', '41');
INSERT INTO `photo_albums` (`id`, `name`, `user_id`) VALUES ('42', 'ab', '42');
INSERT INTO `photo_albums` (`id`, `name`, `user_id`) VALUES ('43', 'omnis', '43');
INSERT INTO `photo_albums` (`id`, `name`, `user_id`) VALUES ('44', 'sit', '44');
INSERT INTO `photo_albums` (`id`, `name`, `user_id`) VALUES ('45', 'aspernatur', '45');
INSERT INTO `photo_albums` (`id`, `name`, `user_id`) VALUES ('46', 'est', '46');
INSERT INTO `photo_albums` (`id`, `name`, `user_id`) VALUES ('47', 'iure', '47');
INSERT INTO `photo_albums` (`id`, `name`, `user_id`) VALUES ('48', 'dolorem', '48');
INSERT INTO `photo_albums` (`id`, `name`, `user_id`) VALUES ('49', 'ea', '49');
INSERT INTO `photo_albums` (`id`, `name`, `user_id`) VALUES ('50', 'laudantium', '50');
INSERT INTO `photo_albums` (`id`, `name`, `user_id`) VALUES ('51', 'natus', '51');
INSERT INTO `photo_albums` (`id`, `name`, `user_id`) VALUES ('52', 'placeat', '52');
INSERT INTO `photo_albums` (`id`, `name`, `user_id`) VALUES ('53', 'in', '53');
INSERT INTO `photo_albums` (`id`, `name`, `user_id`) VALUES ('54', 'voluptatem', '54');
INSERT INTO `photo_albums` (`id`, `name`, `user_id`) VALUES ('55', 'quisquam', '55');
INSERT INTO `photo_albums` (`id`, `name`, `user_id`) VALUES ('56', 'est', '56');
INSERT INTO `photo_albums` (`id`, `name`, `user_id`) VALUES ('57', 'amet', '57');
INSERT INTO `photo_albums` (`id`, `name`, `user_id`) VALUES ('58', 'aut', '58');
INSERT INTO `photo_albums` (`id`, `name`, `user_id`) VALUES ('59', 'pariatur', '59');
INSERT INTO `photo_albums` (`id`, `name`, `user_id`) VALUES ('60', 'dolore', '60');
INSERT INTO `photo_albums` (`id`, `name`, `user_id`) VALUES ('61', 'illum', '61');
INSERT INTO `photo_albums` (`id`, `name`, `user_id`) VALUES ('62', 'voluptate', '62');
INSERT INTO `photo_albums` (`id`, `name`, `user_id`) VALUES ('63', 'in', '63');
INSERT INTO `photo_albums` (`id`, `name`, `user_id`) VALUES ('64', 'voluptatem', '64');
INSERT INTO `photo_albums` (`id`, `name`, `user_id`) VALUES ('65', 'earum', '65');
INSERT INTO `photo_albums` (`id`, `name`, `user_id`) VALUES ('66', 'repudiandae', '66');
INSERT INTO `photo_albums` (`id`, `name`, `user_id`) VALUES ('67', 'sunt', '67');
INSERT INTO `photo_albums` (`id`, `name`, `user_id`) VALUES ('68', 'rem', '68');
INSERT INTO `photo_albums` (`id`, `name`, `user_id`) VALUES ('69', 'et', '69');
INSERT INTO `photo_albums` (`id`, `name`, `user_id`) VALUES ('70', 'assumenda', '70');
INSERT INTO `photo_albums` (`id`, `name`, `user_id`) VALUES ('71', 'pariatur', '71');
INSERT INTO `photo_albums` (`id`, `name`, `user_id`) VALUES ('72', 'accusantium', '72');
INSERT INTO `photo_albums` (`id`, `name`, `user_id`) VALUES ('73', 'saepe', '73');
INSERT INTO `photo_albums` (`id`, `name`, `user_id`) VALUES ('74', 'temporibus', '74');
INSERT INTO `photo_albums` (`id`, `name`, `user_id`) VALUES ('75', 'id', '75');
INSERT INTO `photo_albums` (`id`, `name`, `user_id`) VALUES ('76', 'tenetur', '76');
INSERT INTO `photo_albums` (`id`, `name`, `user_id`) VALUES ('77', 'omnis', '77');
INSERT INTO `photo_albums` (`id`, `name`, `user_id`) VALUES ('78', 'cum', '78');
INSERT INTO `photo_albums` (`id`, `name`, `user_id`) VALUES ('79', 'dolorum', '79');
INSERT INTO `photo_albums` (`id`, `name`, `user_id`) VALUES ('80', 'dolor', '80');
INSERT INTO `photo_albums` (`id`, `name`, `user_id`) VALUES ('81', 'perferendis', '81');
INSERT INTO `photo_albums` (`id`, `name`, `user_id`) VALUES ('82', 'et', '82');
INSERT INTO `photo_albums` (`id`, `name`, `user_id`) VALUES ('83', 'modi', '83');
INSERT INTO `photo_albums` (`id`, `name`, `user_id`) VALUES ('84', 'delectus', '84');
INSERT INTO `photo_albums` (`id`, `name`, `user_id`) VALUES ('85', 'ut', '85');
INSERT INTO `photo_albums` (`id`, `name`, `user_id`) VALUES ('86', 'et', '86');
INSERT INTO `photo_albums` (`id`, `name`, `user_id`) VALUES ('87', 'quisquam', '87');
INSERT INTO `photo_albums` (`id`, `name`, `user_id`) VALUES ('88', 'quasi', '88');
INSERT INTO `photo_albums` (`id`, `name`, `user_id`) VALUES ('89', 'facilis', '89');
INSERT INTO `photo_albums` (`id`, `name`, `user_id`) VALUES ('90', 'qui', '90');
INSERT INTO `photo_albums` (`id`, `name`, `user_id`) VALUES ('91', 'dolores', '91');
INSERT INTO `photo_albums` (`id`, `name`, `user_id`) VALUES ('92', 'magni', '92');
INSERT INTO `photo_albums` (`id`, `name`, `user_id`) VALUES ('93', 'harum', '93');
INSERT INTO `photo_albums` (`id`, `name`, `user_id`) VALUES ('94', 'voluptatem', '94');
INSERT INTO `photo_albums` (`id`, `name`, `user_id`) VALUES ('95', 'dolor', '95');
INSERT INTO `photo_albums` (`id`, `name`, `user_id`) VALUES ('96', 'similique', '96');
INSERT INTO `photo_albums` (`id`, `name`, `user_id`) VALUES ('97', 'totam', '97');
INSERT INTO `photo_albums` (`id`, `name`, `user_id`) VALUES ('98', 'earum', '98');
INSERT INTO `photo_albums` (`id`, `name`, `user_id`) VALUES ('99', 'at', '99');
INSERT INTO `photo_albums` (`id`, `name`, `user_id`) VALUES ('100', 'omnis', '100');


#
# TABLE STRUCTURE FOR: photos
#

INSERT INTO `photos` (`id`, `album_id`, `media_id`) VALUES ('1', '1', '1');
INSERT INTO `photos` (`id`, `album_id`, `media_id`) VALUES ('2', '2', '2');
INSERT INTO `photos` (`id`, `album_id`, `media_id`) VALUES ('3', '3', '3');
INSERT INTO `photos` (`id`, `album_id`, `media_id`) VALUES ('4', '4', '4');
INSERT INTO `photos` (`id`, `album_id`, `media_id`) VALUES ('5', '5', '5');
INSERT INTO `photos` (`id`, `album_id`, `media_id`) VALUES ('6', '6', '6');
INSERT INTO `photos` (`id`, `album_id`, `media_id`) VALUES ('7', '7', '7');
INSERT INTO `photos` (`id`, `album_id`, `media_id`) VALUES ('8', '8', '8');
INSERT INTO `photos` (`id`, `album_id`, `media_id`) VALUES ('9', '9', '9');
INSERT INTO `photos` (`id`, `album_id`, `media_id`) VALUES ('10', '10', '10');
INSERT INTO `photos` (`id`, `album_id`, `media_id`) VALUES ('11', '11', '11');
INSERT INTO `photos` (`id`, `album_id`, `media_id`) VALUES ('12', '12', '12');
INSERT INTO `photos` (`id`, `album_id`, `media_id`) VALUES ('13', '13', '13');
INSERT INTO `photos` (`id`, `album_id`, `media_id`) VALUES ('14', '14', '14');
INSERT INTO `photos` (`id`, `album_id`, `media_id`) VALUES ('15', '15', '15');
INSERT INTO `photos` (`id`, `album_id`, `media_id`) VALUES ('16', '16', '16');
INSERT INTO `photos` (`id`, `album_id`, `media_id`) VALUES ('17', '17', '17');
INSERT INTO `photos` (`id`, `album_id`, `media_id`) VALUES ('18', '18', '18');
INSERT INTO `photos` (`id`, `album_id`, `media_id`) VALUES ('19', '19', '19');
INSERT INTO `photos` (`id`, `album_id`, `media_id`) VALUES ('20', '20', '20');
INSERT INTO `photos` (`id`, `album_id`, `media_id`) VALUES ('21', '21', '21');
INSERT INTO `photos` (`id`, `album_id`, `media_id`) VALUES ('22', '22', '22');
INSERT INTO `photos` (`id`, `album_id`, `media_id`) VALUES ('23', '23', '23');
INSERT INTO `photos` (`id`, `album_id`, `media_id`) VALUES ('24', '24', '24');
INSERT INTO `photos` (`id`, `album_id`, `media_id`) VALUES ('25', '25', '25');
INSERT INTO `photos` (`id`, `album_id`, `media_id`) VALUES ('26', '26', '26');
INSERT INTO `photos` (`id`, `album_id`, `media_id`) VALUES ('27', '27', '27');
INSERT INTO `photos` (`id`, `album_id`, `media_id`) VALUES ('28', '28', '28');
INSERT INTO `photos` (`id`, `album_id`, `media_id`) VALUES ('29', '29', '29');
INSERT INTO `photos` (`id`, `album_id`, `media_id`) VALUES ('30', '30', '30');
INSERT INTO `photos` (`id`, `album_id`, `media_id`) VALUES ('31', '31', '31');
INSERT INTO `photos` (`id`, `album_id`, `media_id`) VALUES ('32', '32', '32');
INSERT INTO `photos` (`id`, `album_id`, `media_id`) VALUES ('33', '33', '33');
INSERT INTO `photos` (`id`, `album_id`, `media_id`) VALUES ('34', '34', '34');
INSERT INTO `photos` (`id`, `album_id`, `media_id`) VALUES ('35', '35', '35');
INSERT INTO `photos` (`id`, `album_id`, `media_id`) VALUES ('36', '36', '36');
INSERT INTO `photos` (`id`, `album_id`, `media_id`) VALUES ('37', '37', '37');
INSERT INTO `photos` (`id`, `album_id`, `media_id`) VALUES ('38', '38', '38');
INSERT INTO `photos` (`id`, `album_id`, `media_id`) VALUES ('39', '39', '39');
INSERT INTO `photos` (`id`, `album_id`, `media_id`) VALUES ('40', '40', '40');
INSERT INTO `photos` (`id`, `album_id`, `media_id`) VALUES ('41', '41', '41');
INSERT INTO `photos` (`id`, `album_id`, `media_id`) VALUES ('42', '42', '42');
INSERT INTO `photos` (`id`, `album_id`, `media_id`) VALUES ('43', '43', '43');
INSERT INTO `photos` (`id`, `album_id`, `media_id`) VALUES ('44', '44', '44');
INSERT INTO `photos` (`id`, `album_id`, `media_id`) VALUES ('45', '45', '45');
INSERT INTO `photos` (`id`, `album_id`, `media_id`) VALUES ('46', '46', '46');
INSERT INTO `photos` (`id`, `album_id`, `media_id`) VALUES ('47', '47', '47');
INSERT INTO `photos` (`id`, `album_id`, `media_id`) VALUES ('48', '48', '48');
INSERT INTO `photos` (`id`, `album_id`, `media_id`) VALUES ('49', '49', '49');
INSERT INTO `photos` (`id`, `album_id`, `media_id`) VALUES ('50', '50', '50');
INSERT INTO `photos` (`id`, `album_id`, `media_id`) VALUES ('51', '51', '51');
INSERT INTO `photos` (`id`, `album_id`, `media_id`) VALUES ('52', '52', '52');
INSERT INTO `photos` (`id`, `album_id`, `media_id`) VALUES ('53', '53', '53');
INSERT INTO `photos` (`id`, `album_id`, `media_id`) VALUES ('54', '54', '54');
INSERT INTO `photos` (`id`, `album_id`, `media_id`) VALUES ('55', '55', '55');
INSERT INTO `photos` (`id`, `album_id`, `media_id`) VALUES ('56', '56', '56');
INSERT INTO `photos` (`id`, `album_id`, `media_id`) VALUES ('57', '57', '57');
INSERT INTO `photos` (`id`, `album_id`, `media_id`) VALUES ('58', '58', '58');
INSERT INTO `photos` (`id`, `album_id`, `media_id`) VALUES ('59', '59', '59');
INSERT INTO `photos` (`id`, `album_id`, `media_id`) VALUES ('60', '60', '60');
INSERT INTO `photos` (`id`, `album_id`, `media_id`) VALUES ('61', '61', '61');
INSERT INTO `photos` (`id`, `album_id`, `media_id`) VALUES ('62', '62', '62');
INSERT INTO `photos` (`id`, `album_id`, `media_id`) VALUES ('63', '63', '63');
INSERT INTO `photos` (`id`, `album_id`, `media_id`) VALUES ('64', '64', '64');
INSERT INTO `photos` (`id`, `album_id`, `media_id`) VALUES ('65', '65', '65');
INSERT INTO `photos` (`id`, `album_id`, `media_id`) VALUES ('66', '66', '66');
INSERT INTO `photos` (`id`, `album_id`, `media_id`) VALUES ('67', '67', '67');
INSERT INTO `photos` (`id`, `album_id`, `media_id`) VALUES ('68', '68', '68');
INSERT INTO `photos` (`id`, `album_id`, `media_id`) VALUES ('69', '69', '69');
INSERT INTO `photos` (`id`, `album_id`, `media_id`) VALUES ('70', '70', '70');
INSERT INTO `photos` (`id`, `album_id`, `media_id`) VALUES ('71', '71', '71');
INSERT INTO `photos` (`id`, `album_id`, `media_id`) VALUES ('72', '72', '72');
INSERT INTO `photos` (`id`, `album_id`, `media_id`) VALUES ('73', '73', '73');
INSERT INTO `photos` (`id`, `album_id`, `media_id`) VALUES ('74', '74', '74');
INSERT INTO `photos` (`id`, `album_id`, `media_id`) VALUES ('75', '75', '75');
INSERT INTO `photos` (`id`, `album_id`, `media_id`) VALUES ('76', '76', '76');
INSERT INTO `photos` (`id`, `album_id`, `media_id`) VALUES ('77', '77', '77');
INSERT INTO `photos` (`id`, `album_id`, `media_id`) VALUES ('78', '78', '78');
INSERT INTO `photos` (`id`, `album_id`, `media_id`) VALUES ('79', '79', '79');
INSERT INTO `photos` (`id`, `album_id`, `media_id`) VALUES ('80', '80', '80');
INSERT INTO `photos` (`id`, `album_id`, `media_id`) VALUES ('81', '81', '81');
INSERT INTO `photos` (`id`, `album_id`, `media_id`) VALUES ('82', '82', '82');
INSERT INTO `photos` (`id`, `album_id`, `media_id`) VALUES ('83', '83', '83');
INSERT INTO `photos` (`id`, `album_id`, `media_id`) VALUES ('84', '84', '84');
INSERT INTO `photos` (`id`, `album_id`, `media_id`) VALUES ('85', '85', '85');
INSERT INTO `photos` (`id`, `album_id`, `media_id`) VALUES ('86', '86', '86');
INSERT INTO `photos` (`id`, `album_id`, `media_id`) VALUES ('87', '87', '87');
INSERT INTO `photos` (`id`, `album_id`, `media_id`) VALUES ('88', '88', '88');
INSERT INTO `photos` (`id`, `album_id`, `media_id`) VALUES ('89', '89', '89');
INSERT INTO `photos` (`id`, `album_id`, `media_id`) VALUES ('90', '90', '90');
INSERT INTO `photos` (`id`, `album_id`, `media_id`) VALUES ('91', '91', '91');
INSERT INTO `photos` (`id`, `album_id`, `media_id`) VALUES ('92', '92', '92');
INSERT INTO `photos` (`id`, `album_id`, `media_id`) VALUES ('93', '93', '93');
INSERT INTO `photos` (`id`, `album_id`, `media_id`) VALUES ('94', '94', '94');
INSERT INTO `photos` (`id`, `album_id`, `media_id`) VALUES ('95', '95', '95');
INSERT INTO `photos` (`id`, `album_id`, `media_id`) VALUES ('96', '96', '96');
INSERT INTO `photos` (`id`, `album_id`, `media_id`) VALUES ('97', '97', '97');
INSERT INTO `photos` (`id`, `album_id`, `media_id`) VALUES ('98', '98', '98');
INSERT INTO `photos` (`id`, `album_id`, `media_id`) VALUES ('99', '99', '99');
INSERT INTO `photos` (`id`, `album_id`, `media_id`) VALUES ('100', '100', '100');


#
# TABLE STRUCTURE FOR: profiles
#

INSERT INTO `profiles` (`user_id`, `gender`, `birthday`, `photo_id`, `created_at`, `hometown`) VALUES ('1', NULL, '1970-08-21', '1', '2008-08-08 02:50:59', 'Lake Clifton');
INSERT INTO `profiles` (`user_id`, `gender`, `birthday`, `photo_id`, `created_at`, `hometown`) VALUES ('2', NULL, '1986-10-12', '2', '1983-01-09 09:42:26', 'Wardton');
INSERT INTO `profiles` (`user_id`, `gender`, `birthday`, `photo_id`, `created_at`, `hometown`) VALUES ('3', NULL, '1997-08-06', '3', '1999-06-29 22:09:11', 'Schaefermouth');
INSERT INTO `profiles` (`user_id`, `gender`, `birthday`, `photo_id`, `created_at`, `hometown`) VALUES ('4', NULL, '2016-07-11', '4', '1992-11-11 12:21:56', 'New Augustineburgh');
INSERT INTO `profiles` (`user_id`, `gender`, `birthday`, `photo_id`, `created_at`, `hometown`) VALUES ('5', NULL, '2016-07-14', '5', '2009-01-13 02:25:03', 'Lake Dario');
INSERT INTO `profiles` (`user_id`, `gender`, `birthday`, `photo_id`, `created_at`, `hometown`) VALUES ('6', NULL, '2008-12-10', '6', '1995-07-16 05:49:32', 'North Hal');
INSERT INTO `profiles` (`user_id`, `gender`, `birthday`, `photo_id`, `created_at`, `hometown`) VALUES ('7', NULL, '1974-11-10', '7', '2011-04-30 23:22:10', 'Metzberg');
INSERT INTO `profiles` (`user_id`, `gender`, `birthday`, `photo_id`, `created_at`, `hometown`) VALUES ('8', NULL, '2009-11-03', '8', '2017-07-19 11:38:09', 'Wehnerland');
INSERT INTO `profiles` (`user_id`, `gender`, `birthday`, `photo_id`, `created_at`, `hometown`) VALUES ('9', NULL, '1989-10-02', '9', '1989-09-20 06:10:25', 'Port Oda');
INSERT INTO `profiles` (`user_id`, `gender`, `birthday`, `photo_id`, `created_at`, `hometown`) VALUES ('10', NULL, '1982-12-15', '10', '1990-08-25 22:09:02', 'East Alfonzo');
INSERT INTO `profiles` (`user_id`, `gender`, `birthday`, `photo_id`, `created_at`, `hometown`) VALUES ('11', NULL, '1971-02-03', '11', '2008-04-21 19:17:34', 'Lake Clevelandchester');
INSERT INTO `profiles` (`user_id`, `gender`, `birthday`, `photo_id`, `created_at`, `hometown`) VALUES ('12', NULL, '1985-06-23', '12', '2002-11-04 04:37:51', 'Schroederport');
INSERT INTO `profiles` (`user_id`, `gender`, `birthday`, `photo_id`, `created_at`, `hometown`) VALUES ('13', NULL, '1985-08-19', '13', '1971-07-27 00:43:24', 'West Carley');
INSERT INTO `profiles` (`user_id`, `gender`, `birthday`, `photo_id`, `created_at`, `hometown`) VALUES ('14', NULL, '1981-05-17', '14', '2001-03-29 20:06:44', 'Rowehaven');
INSERT INTO `profiles` (`user_id`, `gender`, `birthday`, `photo_id`, `created_at`, `hometown`) VALUES ('15', NULL, '1971-05-29', '15', '1978-10-13 10:23:35', 'Hanemouth');
INSERT INTO `profiles` (`user_id`, `gender`, `birthday`, `photo_id`, `created_at`, `hometown`) VALUES ('16', NULL, '1981-09-30', '16', '2002-12-05 12:07:14', 'East Ericaport');
INSERT INTO `profiles` (`user_id`, `gender`, `birthday`, `photo_id`, `created_at`, `hometown`) VALUES ('17', NULL, '1988-02-12', '17', '2016-10-31 07:41:32', 'West Jennie');
INSERT INTO `profiles` (`user_id`, `gender`, `birthday`, `photo_id`, `created_at`, `hometown`) VALUES ('18', NULL, '1989-07-10', '18', '1993-07-25 22:43:48', 'Gerlachburgh');
INSERT INTO `profiles` (`user_id`, `gender`, `birthday`, `photo_id`, `created_at`, `hometown`) VALUES ('19', NULL, '2006-11-06', '19', '1989-02-09 12:41:08', 'Imogenemouth');
INSERT INTO `profiles` (`user_id`, `gender`, `birthday`, `photo_id`, `created_at`, `hometown`) VALUES ('20', NULL, '1978-10-25', '20', '2010-01-05 19:22:24', 'Marianneberg');
INSERT INTO `profiles` (`user_id`, `gender`, `birthday`, `photo_id`, `created_at`, `hometown`) VALUES ('21', NULL, '2018-03-09', '21', '1984-05-24 12:01:51', 'New Andrewtown');
INSERT INTO `profiles` (`user_id`, `gender`, `birthday`, `photo_id`, `created_at`, `hometown`) VALUES ('22', NULL, '2007-09-15', '22', '2017-02-21 12:05:00', 'Macybury');
INSERT INTO `profiles` (`user_id`, `gender`, `birthday`, `photo_id`, `created_at`, `hometown`) VALUES ('23', NULL, '1983-10-20', '23', '1997-06-07 00:10:30', 'Lake Fernhaven');
INSERT INTO `profiles` (`user_id`, `gender`, `birthday`, `photo_id`, `created_at`, `hometown`) VALUES ('24', NULL, '2004-10-25', '24', '2001-07-12 08:46:05', 'East Colten');
INSERT INTO `profiles` (`user_id`, `gender`, `birthday`, `photo_id`, `created_at`, `hometown`) VALUES ('25', NULL, '1978-07-08', '25', '1975-03-13 07:32:07', 'Odiemouth');
INSERT INTO `profiles` (`user_id`, `gender`, `birthday`, `photo_id`, `created_at`, `hometown`) VALUES ('26', NULL, '1990-04-30', '26', '1993-03-04 03:37:14', 'Harrischester');
INSERT INTO `profiles` (`user_id`, `gender`, `birthday`, `photo_id`, `created_at`, `hometown`) VALUES ('27', NULL, '2010-10-11', '27', '1981-10-20 02:19:09', 'Naderfort');
INSERT INTO `profiles` (`user_id`, `gender`, `birthday`, `photo_id`, `created_at`, `hometown`) VALUES ('28', NULL, '1992-03-19', '28', '2019-11-01 06:11:28', 'Lilianatown');
INSERT INTO `profiles` (`user_id`, `gender`, `birthday`, `photo_id`, `created_at`, `hometown`) VALUES ('29', NULL, '2019-06-11', '29', '2016-07-20 07:15:01', 'East Boyd');
INSERT INTO `profiles` (`user_id`, `gender`, `birthday`, `photo_id`, `created_at`, `hometown`) VALUES ('30', NULL, '2000-02-21', '30', '1971-09-07 06:41:31', 'New Billyville');
INSERT INTO `profiles` (`user_id`, `gender`, `birthday`, `photo_id`, `created_at`, `hometown`) VALUES ('31', NULL, '1989-11-18', '31', '1971-03-11 00:36:27', 'Aliyaland');
INSERT INTO `profiles` (`user_id`, `gender`, `birthday`, `photo_id`, `created_at`, `hometown`) VALUES ('32', NULL, '1970-11-09', '32', '1990-06-21 16:15:37', 'Alexaneburgh');
INSERT INTO `profiles` (`user_id`, `gender`, `birthday`, `photo_id`, `created_at`, `hometown`) VALUES ('33', NULL, '1983-09-27', '33', '1977-12-26 07:56:44', 'Lake Charles');
INSERT INTO `profiles` (`user_id`, `gender`, `birthday`, `photo_id`, `created_at`, `hometown`) VALUES ('34', NULL, '1972-01-27', '34', '1979-06-22 11:13:27', 'East Billy');
INSERT INTO `profiles` (`user_id`, `gender`, `birthday`, `photo_id`, `created_at`, `hometown`) VALUES ('35', NULL, '2000-09-28', '35', '1977-05-29 08:42:15', 'Theaton');
INSERT INTO `profiles` (`user_id`, `gender`, `birthday`, `photo_id`, `created_at`, `hometown`) VALUES ('36', NULL, '2013-07-18', '36', '1994-05-30 22:34:43', 'Boydton');
INSERT INTO `profiles` (`user_id`, `gender`, `birthday`, `photo_id`, `created_at`, `hometown`) VALUES ('37', NULL, '1988-10-14', '37', '1974-03-19 13:11:23', 'Port Cecilville');
INSERT INTO `profiles` (`user_id`, `gender`, `birthday`, `photo_id`, `created_at`, `hometown`) VALUES ('38', NULL, '1975-09-23', '38', '1999-12-01 04:49:09', 'West Sonnyburgh');
INSERT INTO `profiles` (`user_id`, `gender`, `birthday`, `photo_id`, `created_at`, `hometown`) VALUES ('39', NULL, '1979-12-06', '39', '1996-04-28 10:50:48', 'West Mathias');
INSERT INTO `profiles` (`user_id`, `gender`, `birthday`, `photo_id`, `created_at`, `hometown`) VALUES ('40', NULL, '1992-07-14', '40', '1987-06-19 22:37:23', 'Ephraimfurt');
INSERT INTO `profiles` (`user_id`, `gender`, `birthday`, `photo_id`, `created_at`, `hometown`) VALUES ('41', NULL, '2016-11-10', '41', '1990-04-27 19:11:15', 'New Carmelo');
INSERT INTO `profiles` (`user_id`, `gender`, `birthday`, `photo_id`, `created_at`, `hometown`) VALUES ('42', NULL, '2003-08-09', '42', '1983-10-22 03:34:15', 'Leomouth');
INSERT INTO `profiles` (`user_id`, `gender`, `birthday`, `photo_id`, `created_at`, `hometown`) VALUES ('43', NULL, '1999-11-25', '43', '1999-04-22 14:59:01', 'Treutelbury');
INSERT INTO `profiles` (`user_id`, `gender`, `birthday`, `photo_id`, `created_at`, `hometown`) VALUES ('44', NULL, '1971-12-15', '44', '1990-09-14 14:09:24', 'Port Kaley');
INSERT INTO `profiles` (`user_id`, `gender`, `birthday`, `photo_id`, `created_at`, `hometown`) VALUES ('45', NULL, '1987-12-15', '45', '1971-08-13 13:47:55', 'McCulloughbury');
INSERT INTO `profiles` (`user_id`, `gender`, `birthday`, `photo_id`, `created_at`, `hometown`) VALUES ('46', NULL, '2014-04-05', '46', '1992-04-27 16:25:35', 'Lueview');
INSERT INTO `profiles` (`user_id`, `gender`, `birthday`, `photo_id`, `created_at`, `hometown`) VALUES ('47', NULL, '1981-02-23', '47', '2002-09-29 11:40:41', 'Lynnberg');
INSERT INTO `profiles` (`user_id`, `gender`, `birthday`, `photo_id`, `created_at`, `hometown`) VALUES ('48', NULL, '1993-02-01', '48', '2004-04-01 17:05:17', 'Allyberg');
INSERT INTO `profiles` (`user_id`, `gender`, `birthday`, `photo_id`, `created_at`, `hometown`) VALUES ('49', NULL, '2017-02-15', '49', '1985-05-24 13:31:16', 'North Jackieton');
INSERT INTO `profiles` (`user_id`, `gender`, `birthday`, `photo_id`, `created_at`, `hometown`) VALUES ('50', NULL, '1993-11-19', '50', '1991-01-13 08:16:38', 'Kreigerbury');
INSERT INTO `profiles` (`user_id`, `gender`, `birthday`, `photo_id`, `created_at`, `hometown`) VALUES ('51', NULL, '1994-11-21', '51', '1974-12-21 17:28:16', 'Wizabury');
INSERT INTO `profiles` (`user_id`, `gender`, `birthday`, `photo_id`, `created_at`, `hometown`) VALUES ('52', NULL, '2009-08-08', '52', '2010-03-01 05:51:19', 'North Grant');
INSERT INTO `profiles` (`user_id`, `gender`, `birthday`, `photo_id`, `created_at`, `hometown`) VALUES ('53', NULL, '2017-02-04', '53', '1972-02-15 18:03:23', 'West Chanelmouth');
INSERT INTO `profiles` (`user_id`, `gender`, `birthday`, `photo_id`, `created_at`, `hometown`) VALUES ('54', NULL, '2007-09-28', '54', '2004-08-18 03:08:40', 'Casimerfort');
INSERT INTO `profiles` (`user_id`, `gender`, `birthday`, `photo_id`, `created_at`, `hometown`) VALUES ('55', NULL, '1991-06-03', '55', '1983-09-19 01:44:54', 'North Wilhelm');
INSERT INTO `profiles` (`user_id`, `gender`, `birthday`, `photo_id`, `created_at`, `hometown`) VALUES ('56', NULL, '2002-02-08', '56', '2003-08-27 18:43:41', 'Emmanuelmouth');
INSERT INTO `profiles` (`user_id`, `gender`, `birthday`, `photo_id`, `created_at`, `hometown`) VALUES ('57', NULL, '1995-07-21', '57', '2014-09-14 09:07:05', 'Terrytown');
INSERT INTO `profiles` (`user_id`, `gender`, `birthday`, `photo_id`, `created_at`, `hometown`) VALUES ('58', NULL, '1972-10-31', '58', '1986-08-28 22:41:04', 'Lake Lemuel');
INSERT INTO `profiles` (`user_id`, `gender`, `birthday`, `photo_id`, `created_at`, `hometown`) VALUES ('59', NULL, '1971-08-29', '59', '2002-11-23 22:08:08', 'Lake Vicenta');
INSERT INTO `profiles` (`user_id`, `gender`, `birthday`, `photo_id`, `created_at`, `hometown`) VALUES ('60', NULL, '2011-12-27', '60', '2015-06-06 23:07:49', 'West Scot');
INSERT INTO `profiles` (`user_id`, `gender`, `birthday`, `photo_id`, `created_at`, `hometown`) VALUES ('61', NULL, '2019-07-06', '61', '1979-02-14 23:20:49', 'Cassinburgh');
INSERT INTO `profiles` (`user_id`, `gender`, `birthday`, `photo_id`, `created_at`, `hometown`) VALUES ('62', NULL, '2000-05-23', '62', '1992-02-14 03:51:02', 'South Alex');
INSERT INTO `profiles` (`user_id`, `gender`, `birthday`, `photo_id`, `created_at`, `hometown`) VALUES ('63', NULL, '2006-04-06', '63', '1975-10-01 08:30:21', 'Billberg');
INSERT INTO `profiles` (`user_id`, `gender`, `birthday`, `photo_id`, `created_at`, `hometown`) VALUES ('64', NULL, '2013-07-14', '64', '1993-03-16 11:35:52', 'New Dakotafort');
INSERT INTO `profiles` (`user_id`, `gender`, `birthday`, `photo_id`, `created_at`, `hometown`) VALUES ('65', NULL, '1979-09-14', '65', '2015-09-06 22:27:16', 'East Liliane');
INSERT INTO `profiles` (`user_id`, `gender`, `birthday`, `photo_id`, `created_at`, `hometown`) VALUES ('66', NULL, '1986-02-09', '66', '1978-08-18 08:36:43', 'Gradyville');
INSERT INTO `profiles` (`user_id`, `gender`, `birthday`, `photo_id`, `created_at`, `hometown`) VALUES ('67', NULL, '2002-07-20', '67', '1986-04-15 18:22:04', 'Larsonfort');
INSERT INTO `profiles` (`user_id`, `gender`, `birthday`, `photo_id`, `created_at`, `hometown`) VALUES ('68', NULL, '2000-12-20', '68', '1982-02-02 12:31:37', 'Elyseton');
INSERT INTO `profiles` (`user_id`, `gender`, `birthday`, `photo_id`, `created_at`, `hometown`) VALUES ('69', NULL, '1992-02-01', '69', '2012-09-16 22:50:56', 'Streichchester');
INSERT INTO `profiles` (`user_id`, `gender`, `birthday`, `photo_id`, `created_at`, `hometown`) VALUES ('70', NULL, '1995-12-15', '70', '1975-08-23 05:58:04', 'Port Faechester');
INSERT INTO `profiles` (`user_id`, `gender`, `birthday`, `photo_id`, `created_at`, `hometown`) VALUES ('71', NULL, '1981-11-10', '71', '2005-11-20 04:40:18', 'Alysafurt');
INSERT INTO `profiles` (`user_id`, `gender`, `birthday`, `photo_id`, `created_at`, `hometown`) VALUES ('72', NULL, '2007-10-01', '72', '2010-11-01 11:07:50', 'South Hillard');
INSERT INTO `profiles` (`user_id`, `gender`, `birthday`, `photo_id`, `created_at`, `hometown`) VALUES ('73', NULL, '2017-03-20', '73', '1970-09-28 00:20:11', 'Bruenland');
INSERT INTO `profiles` (`user_id`, `gender`, `birthday`, `photo_id`, `created_at`, `hometown`) VALUES ('74', NULL, '2020-01-29', '74', '1997-10-08 06:04:40', 'Lake Kelvin');
INSERT INTO `profiles` (`user_id`, `gender`, `birthday`, `photo_id`, `created_at`, `hometown`) VALUES ('75', NULL, '2017-02-28', '75', '1985-04-10 17:45:38', 'Lake Lemuelbury');
INSERT INTO `profiles` (`user_id`, `gender`, `birthday`, `photo_id`, `created_at`, `hometown`) VALUES ('76', NULL, '1990-04-05', '76', '1980-02-04 17:10:20', 'North Waltonmouth');
INSERT INTO `profiles` (`user_id`, `gender`, `birthday`, `photo_id`, `created_at`, `hometown`) VALUES ('77', NULL, '2009-11-15', '77', '1975-02-05 15:07:59', 'Cassandrefort');
INSERT INTO `profiles` (`user_id`, `gender`, `birthday`, `photo_id`, `created_at`, `hometown`) VALUES ('78', NULL, '1997-02-09', '78', '2016-01-17 09:23:13', 'Brandomouth');
INSERT INTO `profiles` (`user_id`, `gender`, `birthday`, `photo_id`, `created_at`, `hometown`) VALUES ('79', NULL, '2010-09-14', '79', '1991-12-24 01:43:43', 'Lake Tessie');
INSERT INTO `profiles` (`user_id`, `gender`, `birthday`, `photo_id`, `created_at`, `hometown`) VALUES ('80', NULL, '1982-05-22', '80', '1978-09-06 22:20:54', 'North Valerietown');
INSERT INTO `profiles` (`user_id`, `gender`, `birthday`, `photo_id`, `created_at`, `hometown`) VALUES ('81', NULL, '2016-05-26', '81', '2009-02-10 22:14:10', 'New Abelardoborough');
INSERT INTO `profiles` (`user_id`, `gender`, `birthday`, `photo_id`, `created_at`, `hometown`) VALUES ('82', NULL, '2017-10-04', '82', '1990-04-02 17:26:08', 'Elfriedatown');
INSERT INTO `profiles` (`user_id`, `gender`, `birthday`, `photo_id`, `created_at`, `hometown`) VALUES ('83', NULL, '1998-03-06', '83', '2000-09-16 12:28:05', 'Vitaville');
INSERT INTO `profiles` (`user_id`, `gender`, `birthday`, `photo_id`, `created_at`, `hometown`) VALUES ('84', NULL, '1993-12-01', '84', '1977-10-21 06:05:43', 'Lake Maddison');
INSERT INTO `profiles` (`user_id`, `gender`, `birthday`, `photo_id`, `created_at`, `hometown`) VALUES ('85', NULL, '2008-08-26', '85', '1970-08-25 12:48:48', 'South Claudine');
INSERT INTO `profiles` (`user_id`, `gender`, `birthday`, `photo_id`, `created_at`, `hometown`) VALUES ('86', NULL, '1977-02-08', '86', '2008-12-05 10:39:22', 'Port Stone');
INSERT INTO `profiles` (`user_id`, `gender`, `birthday`, `photo_id`, `created_at`, `hometown`) VALUES ('87', NULL, '1978-05-05', '87', '1985-12-25 05:29:24', 'Beatricestad');
INSERT INTO `profiles` (`user_id`, `gender`, `birthday`, `photo_id`, `created_at`, `hometown`) VALUES ('88', NULL, '2000-06-05', '88', '2010-02-15 08:18:01', 'North Jewell');
INSERT INTO `profiles` (`user_id`, `gender`, `birthday`, `photo_id`, `created_at`, `hometown`) VALUES ('89', NULL, '1994-08-18', '89', '1977-05-21 16:31:01', 'South Lucyside');
INSERT INTO `profiles` (`user_id`, `gender`, `birthday`, `photo_id`, `created_at`, `hometown`) VALUES ('90', NULL, '1983-08-04', '90', '1991-04-22 06:17:08', 'Kuvalisshire');
INSERT INTO `profiles` (`user_id`, `gender`, `birthday`, `photo_id`, `created_at`, `hometown`) VALUES ('91', NULL, '1993-06-14', '91', '1980-06-05 06:21:22', 'New Aleen');
INSERT INTO `profiles` (`user_id`, `gender`, `birthday`, `photo_id`, `created_at`, `hometown`) VALUES ('92', NULL, '1985-06-27', '92', '1987-07-02 20:38:59', 'North Rosarioside');
INSERT INTO `profiles` (`user_id`, `gender`, `birthday`, `photo_id`, `created_at`, `hometown`) VALUES ('93', NULL, '1977-09-14', '93', '2002-08-14 05:50:02', 'Marvinberg');
INSERT INTO `profiles` (`user_id`, `gender`, `birthday`, `photo_id`, `created_at`, `hometown`) VALUES ('94', NULL, '1993-04-06', '94', '1972-06-14 04:38:32', 'South Maevetown');
INSERT INTO `profiles` (`user_id`, `gender`, `birthday`, `photo_id`, `created_at`, `hometown`) VALUES ('95', NULL, '2010-03-01', '95', '1970-12-10 08:37:39', 'North Timmy');
INSERT INTO `profiles` (`user_id`, `gender`, `birthday`, `photo_id`, `created_at`, `hometown`) VALUES ('96', NULL, '1991-04-10', '96', '2001-08-13 22:09:33', 'Alfport');
INSERT INTO `profiles` (`user_id`, `gender`, `birthday`, `photo_id`, `created_at`, `hometown`) VALUES ('97', NULL, '2001-11-09', '97', '1998-08-11 01:53:50', 'New Laviniaville');
INSERT INTO `profiles` (`user_id`, `gender`, `birthday`, `photo_id`, `created_at`, `hometown`) VALUES ('98', NULL, '2000-12-25', '98', '2014-02-13 03:39:26', 'South Vinnie');
INSERT INTO `profiles` (`user_id`, `gender`, `birthday`, `photo_id`, `created_at`, `hometown`) VALUES ('99', NULL, '1979-09-20', '99', '2004-09-29 13:00:53', 'South Jackstad');
INSERT INTO `profiles` (`user_id`, `gender`, `birthday`, `photo_id`, `created_at`, `hometown`) VALUES ('100', NULL, '2013-11-28', '100', '1998-01-15 12:11:05', 'Tremayneport');




#
# TABLE STRUCTURE FOR: users_communities
#

INSERT INTO `users_communities` (`user_id`, `community_id`) VALUES ('1', '1');
INSERT INTO `users_communities` (`user_id`, `community_id`) VALUES ('2', '2');
INSERT INTO `users_communities` (`user_id`, `community_id`) VALUES ('3', '3');
INSERT INTO `users_communities` (`user_id`, `community_id`) VALUES ('4', '4');
INSERT INTO `users_communities` (`user_id`, `community_id`) VALUES ('5', '5');
INSERT INTO `users_communities` (`user_id`, `community_id`) VALUES ('6', '6');
INSERT INTO `users_communities` (`user_id`, `community_id`) VALUES ('7', '7');
INSERT INTO `users_communities` (`user_id`, `community_id`) VALUES ('8', '8');
INSERT INTO `users_communities` (`user_id`, `community_id`) VALUES ('9', '9');
INSERT INTO `users_communities` (`user_id`, `community_id`) VALUES ('10', '10');
INSERT INTO `users_communities` (`user_id`, `community_id`) VALUES ('11', '11');
INSERT INTO `users_communities` (`user_id`, `community_id`) VALUES ('12', '12');
INSERT INTO `users_communities` (`user_id`, `community_id`) VALUES ('13', '13');
INSERT INTO `users_communities` (`user_id`, `community_id`) VALUES ('14', '14');
INSERT INTO `users_communities` (`user_id`, `community_id`) VALUES ('15', '15');
INSERT INTO `users_communities` (`user_id`, `community_id`) VALUES ('16', '16');
INSERT INTO `users_communities` (`user_id`, `community_id`) VALUES ('17', '17');
INSERT INTO `users_communities` (`user_id`, `community_id`) VALUES ('18', '18');
INSERT INTO `users_communities` (`user_id`, `community_id`) VALUES ('19', '19');
INSERT INTO `users_communities` (`user_id`, `community_id`) VALUES ('20', '20');
INSERT INTO `users_communities` (`user_id`, `community_id`) VALUES ('21', '21');
INSERT INTO `users_communities` (`user_id`, `community_id`) VALUES ('22', '22');
INSERT INTO `users_communities` (`user_id`, `community_id`) VALUES ('23', '23');
INSERT INTO `users_communities` (`user_id`, `community_id`) VALUES ('24', '24');
INSERT INTO `users_communities` (`user_id`, `community_id`) VALUES ('25', '25');
INSERT INTO `users_communities` (`user_id`, `community_id`) VALUES ('26', '26');
INSERT INTO `users_communities` (`user_id`, `community_id`) VALUES ('27', '27');
INSERT INTO `users_communities` (`user_id`, `community_id`) VALUES ('28', '28');
INSERT INTO `users_communities` (`user_id`, `community_id`) VALUES ('29', '29');
INSERT INTO `users_communities` (`user_id`, `community_id`) VALUES ('30', '30');
INSERT INTO `users_communities` (`user_id`, `community_id`) VALUES ('31', '31');
INSERT INTO `users_communities` (`user_id`, `community_id`) VALUES ('32', '32');
INSERT INTO `users_communities` (`user_id`, `community_id`) VALUES ('33', '33');
INSERT INTO `users_communities` (`user_id`, `community_id`) VALUES ('34', '34');
INSERT INTO `users_communities` (`user_id`, `community_id`) VALUES ('35', '35');
INSERT INTO `users_communities` (`user_id`, `community_id`) VALUES ('36', '36');
INSERT INTO `users_communities` (`user_id`, `community_id`) VALUES ('37', '37');
INSERT INTO `users_communities` (`user_id`, `community_id`) VALUES ('38', '38');
INSERT INTO `users_communities` (`user_id`, `community_id`) VALUES ('39', '39');
INSERT INTO `users_communities` (`user_id`, `community_id`) VALUES ('40', '40');
INSERT INTO `users_communities` (`user_id`, `community_id`) VALUES ('41', '41');
INSERT INTO `users_communities` (`user_id`, `community_id`) VALUES ('42', '42');
INSERT INTO `users_communities` (`user_id`, `community_id`) VALUES ('43', '43');
INSERT INTO `users_communities` (`user_id`, `community_id`) VALUES ('44', '44');
INSERT INTO `users_communities` (`user_id`, `community_id`) VALUES ('45', '45');
INSERT INTO `users_communities` (`user_id`, `community_id`) VALUES ('46', '46');
INSERT INTO `users_communities` (`user_id`, `community_id`) VALUES ('47', '47');
INSERT INTO `users_communities` (`user_id`, `community_id`) VALUES ('48', '48');
INSERT INTO `users_communities` (`user_id`, `community_id`) VALUES ('49', '49');
INSERT INTO `users_communities` (`user_id`, `community_id`) VALUES ('50', '50');
INSERT INTO `users_communities` (`user_id`, `community_id`) VALUES ('51', '51');
INSERT INTO `users_communities` (`user_id`, `community_id`) VALUES ('52', '52');
INSERT INTO `users_communities` (`user_id`, `community_id`) VALUES ('53', '53');
INSERT INTO `users_communities` (`user_id`, `community_id`) VALUES ('54', '54');
INSERT INTO `users_communities` (`user_id`, `community_id`) VALUES ('55', '55');
INSERT INTO `users_communities` (`user_id`, `community_id`) VALUES ('56', '56');
INSERT INTO `users_communities` (`user_id`, `community_id`) VALUES ('57', '57');
INSERT INTO `users_communities` (`user_id`, `community_id`) VALUES ('58', '58');
INSERT INTO `users_communities` (`user_id`, `community_id`) VALUES ('59', '59');
INSERT INTO `users_communities` (`user_id`, `community_id`) VALUES ('60', '60');
INSERT INTO `users_communities` (`user_id`, `community_id`) VALUES ('61', '61');
INSERT INTO `users_communities` (`user_id`, `community_id`) VALUES ('62', '62');
INSERT INTO `users_communities` (`user_id`, `community_id`) VALUES ('63', '63');
INSERT INTO `users_communities` (`user_id`, `community_id`) VALUES ('64', '64');
INSERT INTO `users_communities` (`user_id`, `community_id`) VALUES ('65', '65');
INSERT INTO `users_communities` (`user_id`, `community_id`) VALUES ('66', '66');
INSERT INTO `users_communities` (`user_id`, `community_id`) VALUES ('67', '67');
INSERT INTO `users_communities` (`user_id`, `community_id`) VALUES ('68', '68');
INSERT INTO `users_communities` (`user_id`, `community_id`) VALUES ('69', '69');
INSERT INTO `users_communities` (`user_id`, `community_id`) VALUES ('70', '70');
INSERT INTO `users_communities` (`user_id`, `community_id`) VALUES ('71', '71');
INSERT INTO `users_communities` (`user_id`, `community_id`) VALUES ('72', '72');
INSERT INTO `users_communities` (`user_id`, `community_id`) VALUES ('73', '73');
INSERT INTO `users_communities` (`user_id`, `community_id`) VALUES ('74', '74');
INSERT INTO `users_communities` (`user_id`, `community_id`) VALUES ('75', '75');
INSERT INTO `users_communities` (`user_id`, `community_id`) VALUES ('76', '76');
INSERT INTO `users_communities` (`user_id`, `community_id`) VALUES ('77', '77');
INSERT INTO `users_communities` (`user_id`, `community_id`) VALUES ('78', '78');
INSERT INTO `users_communities` (`user_id`, `community_id`) VALUES ('79', '79');
INSERT INTO `users_communities` (`user_id`, `community_id`) VALUES ('80', '80');
INSERT INTO `users_communities` (`user_id`, `community_id`) VALUES ('81', '81');
INSERT INTO `users_communities` (`user_id`, `community_id`) VALUES ('82', '82');
INSERT INTO `users_communities` (`user_id`, `community_id`) VALUES ('83', '83');
INSERT INTO `users_communities` (`user_id`, `community_id`) VALUES ('84', '84');
INSERT INTO `users_communities` (`user_id`, `community_id`) VALUES ('85', '85');
INSERT INTO `users_communities` (`user_id`, `community_id`) VALUES ('86', '86');
INSERT INTO `users_communities` (`user_id`, `community_id`) VALUES ('87', '87');
INSERT INTO `users_communities` (`user_id`, `community_id`) VALUES ('88', '88');
INSERT INTO `users_communities` (`user_id`, `community_id`) VALUES ('89', '89');
INSERT INTO `users_communities` (`user_id`, `community_id`) VALUES ('90', '90');
INSERT INTO `users_communities` (`user_id`, `community_id`) VALUES ('91', '91');
INSERT INTO `users_communities` (`user_id`, `community_id`) VALUES ('92', '92');
INSERT INTO `users_communities` (`user_id`, `community_id`) VALUES ('93', '93');
INSERT INTO `users_communities` (`user_id`, `community_id`) VALUES ('94', '94');
INSERT INTO `users_communities` (`user_id`, `community_id`) VALUES ('95', '95');
INSERT INTO `users_communities` (`user_id`, `community_id`) VALUES ('96', '96');
INSERT INTO `users_communities` (`user_id`, `community_id`) VALUES ('97', '97');
INSERT INTO `users_communities` (`user_id`, `community_id`) VALUES ('98', '98');
INSERT INTO `users_communities` (`user_id`, `community_id`) VALUES ('99', '99');
INSERT INTO `users_communities` (`user_id`, `community_id`) VALUES ('100', '100');


